mid,date,season,comp,ctype,hid,aid,hs,as,e2,books,band,hn,an
4109689,2023-06-14 18:45:00,2223,NationsLeagueA,nl,6708,10155,2,4,0.3614583413063519,Crown+SBOBET,pick≥8%,Netherlands,Croatia
4109688,2023-06-15 18:45:00,2223,NationsLeagueA,nl,6720,8204,2,1,0.4197692578435976,Crown+SBOBET,pick≥8%,Spain,Italy
4044785,2023-06-16 16:00:00,2223,EUROQ,qual,7871,5787,2,0,0.0966737344441901,Crown+SBOBET,pick≥8%,Finland,Slovenia
4044784,2023-06-16 18:45:00,2223,EUROQ,qual,8238,10259,1,0,0.124756175372118,Crown+SBOBET,pick≥8%,Denmark,Northern Ireland
4044613,2023-06-16 18:45:00,2223,EUROQ,qual,6383,5791,2,1,0.407066712651873,Crown+SBOBET,pick≥8%,Greece,Ireland
4044669,2023-06-16 18:45:00,2223,EUROQ,qual,507764,6723,0,3,0.175371413567219,SBOBET,pick≥8%,Gibraltar,France
4044743,2023-06-17 16:00:00,2223,EUROQ,qual,49437,8565,0,0,0.072079103875813,Crown+SBOBET,κοντα 5-8%,Montenegro,Hungary
4044762,2023-06-17 16:00:00,2223,EUROQ,qual,8566,8261,1,1,0.1907332229290608,Crown+SBOBET,pick≥8%,Azerbaijan,Estonia
4044559,2023-06-17 16:00:00,2223,EUROQ,qual,8492,8498,1,2,0.1198396598343394,Crown+SBOBET,pick≥8%,Norway,Scotland
4044584,2023-06-17 18:45:00,2223,EUROQ,qual,8536,8497,1,2,0.1372581390521363,Crown+SBOBET,pick≥8%,Iceland,Slovakia
4044722,2023-06-17 18:45:00,2223,EUROQ,qual,10024,5794,2,0,0.1016087169535804,Crown+SBOBET,pick≥8%,Albania,Moldova
4109690,2023-06-18 13:00:00,2223,NationsLeagueA,nl,6708,8204,2,3,0.0902464381021053,Crown+SBOBET,pick≥8%,Netherlands,Italy
4109691,2023-06-18 18:45:00,2223,NationsLeagueA,nl,10155,6720,0,0,0.2696735036490056,Crown+SBOBET,pick≥8%,Croatia,Spain
4044684,2023-06-19 18:45:00,2223,EUROQ,qual,8491,8260,7,0,0.4345193258351385,Crown+SBOBET,pick≥8%,England,North Macedonia
4044644,2023-06-19 18:45:00,2223,EUROQ,qual,10057,430156,2,1,0.2163227850014419,Crown+SBOBET,pick≥8%,Belarus,Kosovo
4044705,2023-06-19 18:45:00,2223,EUROQ,qual,6595,5790,2,0,0.1108328325303709,Crown+SBOBET,pick≥8%,Türkiye,Wales
4044787,2023-06-19 18:45:00,2223,EUROQ,qual,10259,8265,0,1,0.4686461883492037,Crown+SBOBET,pick≥8%,Northern Ireland,Kazakhstan
4044744,2023-06-20 18:45:00,2223,EUROQ,qual,8565,8254,2,0,0.1371469097098998,Crown+SBOBET,pick≥8%,Hungary,Lithuania
4044792,2023-09-07 18:45:00,2324,EUROQ,qual,5787,10259,4,2,0.1251675776092582,Crown+SBOBET,pick≥8%,Slovenia,Northern Ireland
4044746,2023-09-07 18:45:00,2324,EUROQ,qual,8205,8565,1,2,0.2002618849408326,Crown+SBOBET,pick≥8%,Serbia,Hungary
4044727,2023-09-07 18:45:00,2324,EUROQ,qual,8496,10024,1,1,0.1728055727760571,Crown+SBOBET,pick≥8%,Czechia,Albania
4044615,2023-09-07 18:45:00,2324,EUROQ,qual,6708,6383,3,0,0.1087956296279941,Crown+SBOBET,pick≥8%,Netherlands,Greece
4044671,2023-09-07 18:45:00,2324,EUROQ,qual,6723,5791,2,0,0.2177944673721887,Crown+SBOBET,pick≥8%,France,Ireland
4044566,2023-09-08 16:00:00,2324,EUROQ,qual,8268,6720,1,7,0.1023507122536546,Crown+SBOBET,pick≥8%,Georgia,Spain
4044589,2023-09-08 18:45:00,2324,EUROQ,qual,8497,8361,0,1,0.0868732592865795,Crown+SBOBET,pick≥8%,Slovakia,Portugal
4044686,2023-09-09 16:00:00,2324,EUROQ,qual,6718,8491,1,1,0.1394313219484666,Crown+SBOBET,pick≥8%,Ukraine,England
4044687,2023-09-09 18:45:00,2324,EUROQ,qual,8260,8204,1,1,0.1486395136192098,Crown+SBOBET,pick≥8%,North Macedonia,Italy
4044793,2023-09-10 13:00:00,2324,EUROQ,qual,8265,10259,1,0,0.1817847453977512,Crown+SBOBET,pick≥8%,Kazakhstan,Northern Ireland
4044794,2023-09-10 16:00:00,2324,EUROQ,qual,7871,8238,0,1,0.1648347005526513,Crown+SBOBET,pick≥8%,Finland,Denmark
4044748,2023-09-10 16:00:00,2324,EUROQ,qual,49437,10150,2,1,0.2463993418306966,Crown+SBOBET,pick≥8%,Montenegro,Bulgaria
4044672,2023-09-10 18:45:00,2324,EUROQ,qual,5791,6708,1,2,0.1049866341348073,Crown+SBOBET,pick≥8%,Ireland,Netherlands
4044616,2023-09-10 18:45:00,2324,EUROQ,qual,6383,507764,5,0,0.108186851400261,SBOBET,pick≥8%,Greece,Gibraltar
4044593,2023-09-11 18:45:00,2324,EUROQ,qual,8497,5799,3,0,0.2996091424102429,SBOBET,pick≥8%,Slovakia,Liechtenstein
4044573,2023-09-12 18:45:00,2324,EUROQ,qual,8492,8268,2,1,0.2098193577983587,Crown+SBOBET,pick≥8%,Norway,Georgia
4044688,2023-09-12 18:45:00,2324,EUROQ,qual,8204,6718,2,1,0.28927283586727,Crown+SBOBET,pick≥8%,Italy,Ukraine
4044567,2023-09-12 18:45:00,2324,EUROQ,qual,6720,5793,6,0,0.1848834563051624,Crown+SBOBET,pick≥8%,Spain,Cyprus
4044562,2023-10-12 18:45:00,2324,EUROQ,qual,6720,8498,2,0,0.2620615743446359,Crown+SBOBET,pick≥8%,Spain,Scotland
4044771,2023-10-13 16:00:00,2324,EUROQ,qual,8261,8566,0,2,0.0732155008372679,Crown+SBOBET,κοντα 5-8%,Estonia,Azerbaijan
4044597,2023-10-13 18:45:00,2324,EUROQ,qual,8536,5792,1,1,0.0840024540620805,Crown+SBOBET,pick≥8%,Iceland,Luxembourg
4044617,2023-10-13 18:45:00,2324,EUROQ,qual,5791,6383,0,2,0.3230750608645969,Crown+SBOBET,pick≥8%,Ireland,Greece
4044596,2023-10-13 18:45:00,2324,EUROQ,qual,8361,8497,3,2,0.2334989636713431,Crown+SBOBET,pick≥8%,Portugal,Slovakia
4044797,2023-10-14 16:00:00,2324,EUROQ,qual,5787,7871,3,0,0.3331042545843203,Crown+SBOBET,pick≥8%,Slovenia,Finland
4044691,2023-10-14 18:45:00,2324,EUROQ,qual,8204,8495,4,0,0.2223661329253767,Crown+SBOBET,pick≥8%,Italy,Malta
4044751,2023-10-14 18:45:00,2324,EUROQ,qual,8565,8205,2,1,0.1460065976094189,Crown+SBOBET,pick≥8%,Hungary,Serbia
4044732,2023-10-15 16:00:00,2324,EUROQ,qual,8496,8269,1,0,0.072707882184003,Crown,κοντα 5-8%,Czechia,Faroe Islands
4044713,2023-10-15 18:45:00,2324,EUROQ,qual,5790,10155,2,1,0.0720565178391823,Crown+SBOBET,κοντα 5-8%,Wales,Croatia
4044599,2023-10-16 18:45:00,2324,EUROQ,qual,5792,8497,0,1,0.1268826817172619,Crown+SBOBET,pick≥8%,Luxembourg,Slovakia
4044674,2023-10-16 18:45:00,2324,EUROQ,qual,507764,5791,0,4,0.0596624887264172,SBOBET,κοντα 5-8%,Gibraltar,Ireland
4044618,2023-10-16 18:45:00,2324,EUROQ,qual,6383,6708,0,1,0.0570547708633939,Crown,κοντα 5-8%,Greece,Netherlands
4044800,2023-10-17 16:00:00,2324,EUROQ,qual,7871,8265,1,2,0.0988582809489844,Crown+SBOBET,pick≥8%,Finland,Kazakhstan
4044753,2023-10-17 18:45:00,2324,EUROQ,qual,8254,8565,2,2,0.1450401142842019,Crown+SBOBET,pick≥8%,Lithuania,Hungary
4044692,2023-10-17 18:45:00,2324,EUROQ,qual,8491,8204,3,1,0.3673857270434026,Crown+SBOBET,pick≥8%,England,Italy
4044603,2023-11-16 19:45:00,2324,EUROQ,qual,8497,8536,4,2,0.1721624070261977,Crown+SBOBET,pick≥8%,Slovakia,Iceland
4044735,2023-11-17 17:00:00,2324,EUROQ,qual,5794,10024,1,1,0.0734499082238779,Crown+SBOBET,κοντα 5-8%,Moldova,Albania
4044694,2023-11-17 19:45:00,2324,EUROQ,qual,8204,8260,5,2,0.2112946322486775,Crown+SBOBET,pick≥8%,Italy,North Macedonia
4044804,2023-11-17 19:45:00,2324,EUROQ,qual,8238,5787,2,1,0.2984834840327899,Crown+SBOBET,pick≥8%,Denmark,Slovenia
4044734,2023-11-17 19:45:00,2324,EUROQ,qual,8568,8496,1,1,0.0680441141550507,SBOBET,κοντα 5-8%,Poland,Czechia
4044696,2023-11-20 19:45:00,2324,EUROQ,qual,6718,8204,0,0,0.1592509854608454,Crown+SBOBET,pick≥8%,Ukraine,Italy
4366973,2024-03-21 17:00:00,2324,EUROQ,qual,8268,5792,2,0,0.3543925017403191,Crown+SBOBET,pick≥8%,Georgia,Luxembourg
4151923,2024-03-21 19:45:00,2324,NationsLeagueC,nl,507764,8254,0,1,0.1679389498073953,Crown+SBOBET,pick≥8%,Gibraltar,Lithuania
4369676,2024-03-21 19:45:00,2324,EUROQ,qual,10106,6718,1,2,0.1041817378908371,Crown+SBOBET,pick≥8%,Bosnia and Herzegovina,Ukraine
4369678,2024-03-21 19:45:00,2324,EUROQ,qual,5790,7871,4,1,0.5563120122456673,Crown+SBOBET,pick≥8%,Wales,Finland
4369679,2024-03-21 19:45:00,2324,EUROQ,qual,8568,8261,5,1,0.2524207479419005,Crown+SBOBET,pick≥8%,Poland,Estonia
4366974,2024-03-21 19:45:00,2324,EUROQ,qual,6383,8265,5,0,0.4007040025818296,Crown+SBOBET,pick≥8%,Greece,Kazakhstan
4369684,2024-03-26 17:00:00,2324,EUROQ,qual,8268,6383,0,0,0.3700399591749177,Crown+SBOBET,pick≥8%,Georgia,Greece
4369680,2024-03-26 19:45:00,2324,EUROQ,qual,5790,8568,0,0,0.4096531315079608,Crown+SBOBET,pick≥8%,Wales,Poland
4369683,2024-03-26 19:45:00,2324,EUROQ,qual,6718,8536,2,1,0.1884317664150558,Crown+SBOBET,pick≥8%,Ukraine,Iceland
4043837,2024-06-14 19:00:00,2324,EURO,tourn,8570,8498,5,1,0.0873171334183602,Crown+SBOBET,pick≥8%,Germany,Scotland
4043838,2024-06-15 13:00:00,2324,EURO,tourn,8565,6717,1,3,0.1527273131402391,Crown+SBOBET,pick≥8%,Hungary,Switzerland
4043843,2024-06-15 16:00:00,2324,EURO,tourn,6720,10155,3,0,0.088980713010812,Crown+SBOBET,pick≥8%,Spain,Croatia
4043850,2024-06-16 16:00:00,2324,EURO,tourn,5787,8238,1,1,0.1407956512207597,Crown+SBOBET,pick≥8%,Slovenia,Denmark
4043839,2024-06-19 19:00:00,2324,EURO,tourn,8498,6717,1,1,0.0726030185374468,Crown+SBOBET,κοντα 5-8%,Scotland,Switzerland
4043846,2024-06-20 19:00:00,2324,EURO,tourn,6720,8204,1,0,0.0780822540274064,Crown+SBOBET,κοντα 5-8%,Spain,Italy
4043865,2024-06-26 16:00:00,2324,EURO,tourn,8497,9730,1,1,0.1676757283478924,Crown+SBOBET,pick≥8%,Slovakia,Romania
4043971,2024-06-29 16:00:00,2324,EURO,tourn,6717,8204,2,0,0.2596942724531179,Crown+SBOBET,pick≥8%,Switzerland,Italy
4043970,2024-06-29 19:00:00,2324,EURO,tourn,8570,8238,2,0,0.1464190907541105,Crown+SBOBET,pick≥8%,Germany,Denmark
4043973,2024-06-30 16:00:00,2324,EURO,tourn,8491,8497,2,1,0.1593092582446609,Crown+SBOBET,pick≥8%,England,Slovakia
4043972,2024-06-30 19:00:00,2324,EURO,tourn,6720,8268,4,1,0.1838797804855305,Crown+SBOBET,pick≥8%,Spain,Georgia
4043975,2024-07-01 16:00:00,2425,EURO,tourn,6723,8263,1,0,0.0777764088892201,Crown+SBOBET,κοντα 5-8%,France,Belgium
4043979,2024-07-05 16:00:00,2425,EURO,tourn,6720,8570,2,1,0.0639489592817514,Crown+SBOBET,κοντα 5-8%,Spain,Germany
4043980,2024-07-05 19:00:00,2425,EURO,tourn,8361,6723,0,0,0.1969934502670154,Crown+SBOBET,pick≥8%,Portugal,France
4043982,2024-07-06 16:00:00,2425,EURO,tourn,8491,6717,1,1,0.3264507580609446,Crown+SBOBET,pick≥8%,England,Switzerland
4043983,2024-07-09 19:00:00,2425,EURO,tourn,6720,6723,2,1,0.208792853256565,Crown+SBOBET,pick≥8%,Spain,France
4043984,2024-07-10 19:00:00,2425,EURO,tourn,6708,8491,1,2,0.1362128545579279,Crown+SBOBET,pick≥8%,Netherlands,England
4043985,2024-07-14 19:00:00,2425,EURO,tourn,6720,8491,2,1,0.2946535727682815,Crown+SBOBET,pick≥8%,Spain,England
4421965,2024-09-05 18:45:00,2425,NationsLeagueA,nl,8498,8568,2,3,0.0755970599346196,Crown+SBOBET,κοντα 5-8%,Scotland,Poland
4422025,2024-09-05 18:45:00,2425,NationsLeagueA,nl,8238,6717,2,0,0.295334609066423,Crown+SBOBET,pick≥8%,Denmark,Switzerland
4421964,2024-09-05 18:45:00,2425,NationsLeagueA,nl,8361,10155,2,1,0.1182175912675793,Crown+SBOBET,pick≥8%,Portugal,Croatia
4422086,2024-09-05 18:45:00,2425,NationsLeagueC,nl,10057,10150,0,0,0.1000488742592147,Crown+SBOBET,pick≥8%,Belarus,Bulgaria
4422087,2024-09-05 18:45:00,2425,NationsLeagueC,nl,10259,5792,2,0,0.4997230698472203,Crown+SBOBET,pick≥8%,Northern Ireland,Luxembourg
4422057,2024-09-06 16:00:00,2425,NationsLeagueC,nl,8254,5793,0,1,0.1146561382934543,Crown+SBOBET,pick≥8%,Lithuania,Cyprus
4422068,2024-09-06 18:45:00,2425,NationsLeagueB,nl,8536,49437,2,0,0.1022396335417821,Crown+SBOBET,pick≥8%,Iceland,Montenegro
4421978,2024-09-06 18:45:00,2425,NationsLeagueA,nl,6723,8204,1,3,0.2998245421430419,Crown+SBOBET,pick≥8%,France,Italy
4422044,2024-09-06 18:45:00,2425,NationsLeagueB,nl,5787,8255,1,1,0.070387970955364,Crown+SBOBET,κοντα 5-8%,Slovenia,Austria
4421989,2024-09-07 16:00:00,2425,NationsLeagueB,nl,5791,8491,0,2,0.1555013852163329,Crown+SBOBET,pick≥8%,Ireland,England
4422107,2024-09-07 16:00:00,2425,NationsLeagueC,nl,6583,5795,4,1,0.0882086801621109,Crown+SBOBET,pick≥8%,Armenia,Latvia
4422080,2024-09-07 16:00:00,2425,NationsLeagueD,nl,5794,8495,2,0,0.3408886311636476,Crown+SBOBET,pick≥8%,Moldova,Malta
4421990,2024-09-07 18:45:00,2425,NationsLeagueB,nl,6383,7871,3,0,0.4407894580721463,Crown+SBOBET,pick≥8%,Greece,Finland
4422013,2024-09-07 18:45:00,2425,NationsLeagueA,nl,8570,8565,5,0,0.1353065918566107,Crown+SBOBET,pick≥8%,Germany,Hungary
4422088,2024-09-08 13:00:00,2425,NationsLeagueC,nl,5792,10057,0,1,0.3285062079985645,Crown+SBOBET,pick≥8%,Luxembourg,Belarus
4422038,2024-09-08 16:00:00,2425,NationsLeagueD,nl,507764,5799,2,2,0.1532144576047711,Crown+SBOBET,pick≥8%,Gibraltar,Liechtenstein
4422027,2024-09-08 16:00:00,2425,NationsLeagueA,nl,8238,8205,2,0,0.4485858425619011,Crown+SBOBET,pick≥8%,Denmark,Serbia
4422089,2024-09-08 16:00:00,2425,NationsLeagueC,nl,10150,10259,1,0,0.1350689780974332,Crown+SBOBET,pick≥8%,Bulgaria,Northern Ireland
4421966,2024-09-08 18:45:00,2425,NationsLeagueA,nl,10155,8568,1,0,0.0985267956290993,Crown+SBOBET,pick≥8%,Croatia,Poland
4421967,2024-09-08 18:45:00,2425,NationsLeagueA,nl,8361,8498,2,1,0.068843769957573,SBOBET,κοντα 5-8%,Portugal,Scotland
4422028,2024-09-08 18:45:00,2425,NationsLeagueA,nl,6717,6720,1,4,0.0638403580073869,Crown+SBOBET,κοντα 5-8%,Switzerland,Spain
4422058,2024-09-09 16:00:00,2425,NationsLeagueC,nl,5793,430156,0,4,0.0943444693155095,Crown+SBOBET,pick≥8%,Cyprus,Kosovo
4421979,2024-09-09 18:45:00,2425,NationsLeagueA,nl,6723,8263,2,0,0.1454106052572794,Crown+SBOBET,pick≥8%,France,Belgium
4421991,2024-09-10 18:45:00,2425,NationsLeagueB,nl,8491,7871,2,0,0.2772117136065928,Crown+SBOBET,pick≥8%,England,Finland
4422109,2024-09-10 18:45:00,2425,NationsLeagueC,nl,8260,6583,2,0,0.0636602513279653,Crown+SBOBET,κοντα 5-8%,North Macedonia,Armenia
4421992,2024-09-10 18:45:00,2425,NationsLeagueB,nl,5791,6383,0,2,0.1471046499698909,Crown+SBOBET,pick≥8%,Ireland,Greece
4422081,2024-09-10 18:45:00,2425,NationsLeagueD,nl,10045,8495,0,1,0.3164777841401869,Crown+SBOBET,pick≥8%,Andorra,Malta
4422082,2024-10-10 16:00:00,2425,NationsLeagueD,nl,5794,10045,2,0,0.2267004041281826,Crown+SBOBET,pick≥8%,Moldova,Andorra
4421993,2024-10-10 18:45:00,2425,NationsLeagueB,nl,8491,6383,1,2,0.2653577294031106,Crown+SBOBET,pick≥8%,England,Greece
4421994,2024-10-10 18:45:00,2425,NationsLeagueB,nl,7871,5791,1,2,0.114445584925531,Crown+SBOBET,pick≥8%,Finland,Ireland
4422048,2024-10-10 18:45:00,2425,NationsLeagueB,nl,8492,5787,3,0,0.3291912014639278,Crown+SBOBET,pick≥8%,Norway,Slovenia
4421982,2024-10-10 18:45:00,2425,NationsLeagueA,nl,8204,8263,2,2,0.1645555639761242,Crown+SBOBET,pick≥8%,Italy,Belgium
4421956,2024-10-11 18:45:00,2425,NationsLeagueB,nl,8496,10024,2,0,0.2319569151056812,Crown+SBOBET,pick≥8%,Czechia,Albania
4422072,2024-10-11 18:45:00,2425,NationsLeagueB,nl,8536,5790,2,2,0.0609666073943548,Crown+SBOBET,κοντα 5-8%,Iceland,Wales
4421957,2024-10-11 18:45:00,2425,NationsLeagueB,nl,6718,8268,1,0,0.0667480556194455,Crown,κοντα 5-8%,Ukraine,Georgia
4422090,2024-10-12 16:00:00,2425,NationsLeagueC,nl,10150,5792,0,0,0.2580453390500616,Crown+SBOBET,pick≥8%,Bulgaria,Luxembourg
4422029,2024-10-12 18:45:00,2425,NationsLeagueA,nl,8205,6717,2,0,0.1782701523977383,Crown+SBOBET,pick≥8%,Serbia,Switzerland
4422091,2024-10-12 18:45:00,2425,NationsLeagueC,nl,10057,10259,0,0,0.2975409883970343,Crown+SBOBET,pick≥8%,Belarus,Northern Ireland
4421995,2024-10-13 16:00:00,2425,NationsLeagueB,nl,7871,8491,1,3,0.0533254034947021,Crown,κοντα 5-8%,Finland,England
4422083,2024-10-13 16:00:00,2425,NationsLeagueD,nl,8495,5794,1,0,0.1601418282534603,Crown+SBOBET,pick≥8%,Malta,Moldova
4421996,2024-10-13 18:45:00,2425,NationsLeagueB,nl,6383,5791,2,0,0.0678956496535412,SBOBET,κοντα 5-8%,Greece,Ireland
4421958,2024-10-14 16:00:00,2425,NationsLeagueB,nl,8268,10024,0,1,0.1890246320085618,Crown+SBOBET,pick≥8%,Georgia,Albania
4421983,2024-10-14 18:45:00,2425,NationsLeagueA,nl,8263,6723,1,2,0.0520247812040695,Crown,κοντα 5-8%,Belgium,France
4422032,2024-10-15 18:45:00,2425,NationsLeagueA,nl,6717,8238,2,2,0.0716185829868547,Crown+SBOBET,κοντα 5-8%,Switzerland,Denmark
4422092,2024-10-15 18:45:00,2425,NationsLeagueC,nl,10057,5792,1,1,0.1888234286415335,Crown+SBOBET,pick≥8%,Belarus,Luxembourg
4422093,2024-10-15 18:45:00,2425,NationsLeagueC,nl,10259,10150,5,0,0.3445848840406784,Crown+SBOBET,pick≥8%,Northern Ireland,Bulgaria
4421998,2024-11-14 19:45:00,2425,NationsLeagueB,nl,5791,7871,1,0,0.2323884416828425,Crown+SBOBET,pick≥8%,Ireland,Finland
4421985,2024-11-14 19:45:00,2425,NationsLeagueA,nl,8263,8204,0,1,0.0539057729885035,Crown,κοντα 5-8%,Belgium,Italy
4422064,2024-11-15 17:00:00,2425,NationsLeagueC,nl,5793,8254,2,1,0.0759947846744124,Crown+SBOBET,κοντα 5-8%,Cyprus,Lithuania
4422094,2024-11-15 19:45:00,2425,NationsLeagueC,nl,5792,10150,0,1,0.0785567835875471,Crown+SBOBET,κοντα 5-8%,Luxembourg,Bulgaria
4422095,2024-11-15 19:45:00,2425,NationsLeagueC,nl,10259,10057,2,0,0.5353299883907887,Crown+SBOBET,pick≥8%,Northern Ireland,Belarus
4422033,2024-11-15 19:45:00,2425,NationsLeagueA,nl,8238,6720,1,2,0.1079612207933773,Crown+SBOBET,pick≥8%,Denmark,Spain
4422034,2024-11-15 19:45:00,2425,NationsLeagueA,nl,6717,8205,1,1,0.0587634251615225,Crown+SBOBET,κοντα 5-8%,Switzerland,Serbia
4422009,2024-11-16 14:00:00,2425,NationsLeagueC,nl,8566,8261,0,0,0.1479068623196764,Crown+SBOBET,pick≥8%,Azerbaijan,Estonia
4421961,2024-11-16 19:45:00,2425,NationsLeagueB,nl,10024,8496,0,0,0.1466914069384839,Crown+SBOBET,pick≥8%,Albania,Czechia
4422010,2024-11-16 19:45:00,2425,NationsLeagueC,nl,8520,8497,2,1,0.0772632141206353,Crown+SBOBET,κοντα 5-8%,Sweden,Slovakia
4421988,2024-11-17 19:45:00,2425,NationsLeagueA,nl,8204,6723,1,3,0.1865985995116954,Crown+SBOBET,pick≥8%,Italy,France
4421962,2024-11-19 19:45:00,2425,NationsLeagueB,nl,10024,6718,1,2,0.127495083229115,Crown+SBOBET,pick≥8%,Albania,Ukraine
4421963,2024-11-19 19:45:00,2425,NationsLeagueB,nl,8496,8268,2,1,0.0640752062915621,Crown+SBOBET,κοντα 5-8%,Czechia,Georgia
4679447,2025-03-20 19:45:00,2425,NationsLeagueA,nl,8204,8570,1,2,0.1472080998668439,Crown+SBOBET,pick≥8%,Italy,Germany
4679445,2025-03-20 19:45:00,2425,NationsLeagueA,nl,8238,8361,1,0,0.1902625384621907,Crown+SBOBET,pick≥8%,Denmark,Portugal
4679443,2025-03-20 19:45:00,2425,NationsLeagueA,nl,10155,6723,2,0,0.1088269140001136,Crown+SBOBET,pick≥8%,Croatia,France
4689384,2025-03-21 19:45:00,2425,WCQ_UEFA,qual,8491,10024,2,0,0.4902145097816446,Crown+SBOBET,pick≥8%,England,Albania
4679448,2025-03-23 19:45:00,2425,NationsLeagueA,nl,8570,8204,3,3,0.2508419390257452,Crown+SBOBET,pick≥8%,Germany,Italy
4679446,2025-03-23 19:45:00,2425,NationsLeagueA,nl,8361,8238,5,2,0.2361375547917217,Crown+SBOBET,pick≥8%,Portugal,Denmark
4679444,2025-03-23 19:45:00,2425,NationsLeagueA,nl,6723,10155,2,0,0.5228031892741685,Crown+SBOBET,pick≥8%,France,Croatia
4689300,2025-03-24 19:45:00,2425,WCQ_UEFA,qual,6035,9730,1,5,0.4519970360919325,Crown+SBOBET,pick≥8%,San Marino,Romania
4689400,2025-03-24 19:45:00,2425,WCQ_UEFA,qual,10024,10045,3,0,0.2587765542943143,Crown+SBOBET,pick≥8%,Albania,Andorra
4689457,2025-03-25 17:00:00,2425,WCQ_UEFA,qual,5794,8261,2,3,0.1407903988277714,Crown+SBOBET,pick≥8%,Moldova,Estonia
4689422,2025-03-25 19:45:00,2425,WCQ_UEFA,qual,8260,5790,1,1,0.1619940715724777,Crown+SBOBET,pick≥8%,North Macedonia,Wales
4679451,2025-06-04 19:10:00,2425,NationsLeagueA,nl,8570,8361,1,2,0.0897139882843995,Crown+SBOBET,pick≥8%,Germany,Portugal
4679452,2025-06-05 19:00:00,2425,NationsLeagueA,nl,6720,6723,5,4,0.2476318854607595,Crown+SBOBET,pick≥8%,Spain,France
4689438,2025-06-06 18:45:00,2425,WCQ_UEFA,qual,8260,8263,1,1,0.0669416402970084,SBOBET,κοντα 5-8%,North Macedonia,Belgium
4689265,2025-06-07 16:00:00,2425,WCQ_UEFA,qual,8495,8254,0,0,0.1444451040334022,Crown+SBOBET,pick≥8%,Malta,Lithuania
4689402,2025-06-07 16:00:00,2425,WCQ_UEFA,qual,10045,8491,0,1,0.368864813539296,Crown+SBOBET,pick≥8%,Andorra,England
4689266,2025-06-07 18:45:00,2425,WCQ_UEFA,qual,7871,6708,0,2,0.08105456530371,Crown+SBOBET,pick≥8%,Finland,Netherlands
4689441,2025-06-09 18:45:00,2425,WCQ_UEFA,qual,8263,5790,4,3,0.2966726460139022,Crown+SBOBET,pick≥8%,Belgium,Wales
4689370,2025-06-09 18:45:00,2425,WCQ_UEFA,qual,10155,8496,5,1,0.1253280786141017,Crown+SBOBET,pick≥8%,Croatia,Czechia
4689268,2025-06-10 18:45:00,2425,WCQ_UEFA,qual,6708,8495,8,0,0.0668469864114511,Crown,κοντα 5-8%,Netherlands,Malta
4689405,2025-06-10 18:45:00,2425,WCQ_UEFA,qual,8205,10045,3,0,0.2176961718960453,Crown+SBOBET,pick≥8%,Serbia,Andorra
4689269,2025-09-04 16:00:00,2526,WCQ_UEFA,qual,8254,8495,1,1,0.3414129526318907,Crown+SBOBET,pick≥8%,Lithuania,Malta
4689340,2025-09-04 18:45:00,2526,WCQ_UEFA,qual,10150,6720,0,3,0.2460016937746072,Crown+SBOBET,pick≥8%,Bulgaria,Spain
4689249,2025-09-04 18:45:00,2526,WCQ_UEFA,qual,5792,10259,1,3,0.2752832927815307,Crown+SBOBET,pick≥8%,Luxembourg,Northern Ireland
4689294,2025-09-05 18:45:00,2526,WCQ_UEFA,qual,8238,8498,0,0,0.3182796471026634,Crown+SBOBET,pick≥8%,Denmark,Scotland
4689328,2025-09-05 18:45:00,2526,WCQ_UEFA,qual,6718,6723,0,2,0.0950203999788714,Crown+SBOBET,pick≥8%,Ukraine,France
4689293,2025-09-05 18:45:00,2526,WCQ_UEFA,qual,6383,10057,5,1,0.2354135249552376,Crown+SBOBET,pick≥8%,Greece,Belarus
4689407,2025-09-06 16:00:00,2526,WCQ_UEFA,qual,8491,10045,2,0,0.1794775930940628,SBOBET,pick≥8%,England,Andorra
4689352,2025-09-06 18:45:00,2526,WCQ_UEFA,qual,5791,8565,2,2,0.1271791233927786,Crown+SBOBET,pick≥8%,Ireland,Hungary
4689341,2025-09-07 13:00:00,2526,WCQ_UEFA,qual,8268,10150,3,0,0.1396827438133727,Crown+SBOBET,pick≥8%,Georgia,Bulgaria
4689444,2025-09-07 16:00:00,2526,WCQ_UEFA,qual,8260,5799,5,0,0.1755416836708332,Crown+SBOBET,pick≥8%,North Macedonia,Liechtenstein
4689251,2025-09-07 18:45:00,2526,WCQ_UEFA,qual,5792,8497,0,1,0.0969900373166561,Crown+SBOBET,pick≥8%,Luxembourg,Slovakia
4689272,2025-09-07 18:45:00,2526,WCQ_UEFA,qual,8568,7871,3,1,0.1930175908923177,Crown+SBOBET,pick≥8%,Poland,Finland
4689284,2025-09-08 18:45:00,2526,WCQ_UEFA,qual,6717,5787,3,0,0.3841125772056935,Crown+SBOBET,pick≥8%,Switzerland,Slovenia
4689408,2025-09-09 18:45:00,2526,WCQ_UEFA,qual,10024,5795,1,0,0.1128362594947047,Crown+SBOBET,pick≥8%,Albania,Latvia
4689409,2025-09-09 18:45:00,2526,WCQ_UEFA,qual,8205,8491,0,5,0.0678633169513744,Crown+SBOBET,κοντα 5-8%,Serbia,England
4689309,2025-10-09 18:45:00,2526,WCQ_UEFA,qual,8255,6035,10,0,0.3009718774999086,Crown,pick≥8%,Austria,San Marino
4689317,2025-10-09 18:45:00,2526,WCQ_UEFA,qual,10057,8238,0,6,0.1499402001654555,Crown+SBOBET,pick≥8%,Belarus,Denmark
4689446,2025-10-10 14:00:00,2526,WCQ_UEFA,qual,8265,5799,4,0,0.0822095157645133,Crown+SBOBET,pick≥8%,Kazakhstan,Liechtenstein
4689332,2025-10-10 18:45:00,2526,WCQ_UEFA,qual,6723,8566,3,0,0.1237249490711309,SBOBET,pick≥8%,France,Azerbaijan
4689331,2025-10-10 18:45:00,2526,WCQ_UEFA,qual,8536,6718,3,5,0.0699684181162858,Crown+SBOBET,κοντα 5-8%,Iceland,Ukraine
4689285,2025-10-10 18:45:00,2526,WCQ_UEFA,qual,430156,5787,0,0,0.1754529067822019,Crown+SBOBET,pick≥8%,Kosovo,Slovenia
4689253,2025-10-10 18:45:00,2526,WCQ_UEFA,qual,10259,8497,2,0,0.2580810428230762,Crown+SBOBET,pick≥8%,Northern Ireland,Slovakia
4689410,2025-10-11 13:00:00,2526,WCQ_UEFA,qual,5795,10045,2,2,0.0790786880295619,Crown+SBOBET,κοντα 5-8%,Latvia,Andorra
4689356,2025-10-11 18:45:00,2526,WCQ_UEFA,qual,8361,5791,1,0,0.1466877577394496,Crown+SBOBET,pick≥8%,Portugal,Ireland
4689411,2025-10-11 18:50:00,2526,WCQ_UEFA,qual,8205,10024,0,1,0.2861885813031941,Crown+SBOBET,pick≥8%,Serbia,Albania
4689319,2025-10-12 16:00:00,2526,WCQ_UEFA,qual,8498,10057,2,1,0.061360882241332,SBOBET,κοντα 5-8%,Scotland,Belarus
4689320,2025-10-12 18:45:00,2526,WCQ_UEFA,qual,8238,6383,3,1,0.2405161386062253,Crown+SBOBET,pick≥8%,Denmark,Greece
4689287,2025-10-13 18:45:00,2526,WCQ_UEFA,qual,5787,6717,0,0,0.0676400956922087,Crown+SBOBET,κοντα 5-8%,Slovenia,Switzerland
4689448,2025-10-13 18:45:00,2526,WCQ_UEFA,qual,8260,8265,1,1,0.1492012251632932,Crown+SBOBET,pick≥8%,North Macedonia,Kazakhstan
4689449,2025-10-13 18:45:00,2526,WCQ_UEFA,qual,5790,8263,2,4,0.1393873814387223,Crown+SBOBET,pick≥8%,Wales,Belgium
4689334,2025-10-13 18:45:00,2526,WCQ_UEFA,qual,6718,8566,2,1,0.0768991693030047,Crown,κοντα 5-8%,Ukraine,Azerbaijan
4689346,2025-10-14 18:45:00,2526,WCQ_UEFA,qual,6720,10150,4,0,0.0735316450143077,SBOBET,κοντα 5-8%,Spain,Bulgaria
4689413,2025-10-14 18:45:00,2526,WCQ_UEFA,qual,5795,8491,0,5,0.2574191585435985,Crown+SBOBET,pick≥8%,Latvia,England
4689336,2025-11-13 19:45:00,2526,WCQ_UEFA,qual,6723,6718,4,0,0.2248560238673935,Crown+SBOBET,pick≥8%,France,Ukraine
4689360,2025-11-13 19:45:00,2526,WCQ_UEFA,qual,5791,8361,2,0,0.1522399229494175,Crown+SBOBET,pick≥8%,Ireland,Portugal
4689258,2025-11-14 19:45:00,2526,WCQ_UEFA,qual,8497,10259,1,0,0.2645955043158687,Crown+SBOBET,pick≥8%,Slovakia,Northern Ireland
4689289,2025-11-15 19:45:00,2526,WCQ_UEFA,qual,5787,430156,0,2,0.2673466582369199,Crown+SBOBET,pick≥8%,Slovenia,Kosovo
4689361,2025-11-16 14:00:00,2526,WCQ_UEFA,qual,8565,5791,2,3,0.1530326731192168,Crown+SBOBET,pick≥8%,Hungary,Ireland
4689453,2025-11-18 19:45:00,2526,WCQ_UEFA,qual,5790,8260,7,1,0.1216896447908668,Crown+SBOBET,pick≥8%,Wales,North Macedonia
5067292,2026-03-26 19:45:00,2526,WCQ_UEFA,qual,8568,10024,2,1,0.5012782098978084,Crown+SBOBET,pick≥8%,Poland,Albania
5067294,2026-03-26 19:45:00,2526,WCQ_UEFA,qual,8496,5791,2,2,0.2694932870970321,Crown+SBOBET,pick≥8%,Czechia,Ireland
5067290,2026-03-26 19:45:00,2526,WCQ_UEFA,qual,8238,8260,4,0,0.2339488830243807,Crown+SBOBET,pick≥8%,Denmark,North Macedonia
5067287,2026-03-26 19:45:00,2526,WCQ_UEFA,qual,8204,10259,2,0,0.3993308249182197,Crown+SBOBET,pick≥8%,Italy,Northern Ireland
5067293,2026-03-26 19:45:00,2526,WCQ_UEFA,qual,8497,430156,3,4,0.3692152765307317,Crown+SBOBET,pick≥8%,Slovakia,Kosovo
5067288,2026-03-26 19:45:00,2526,WCQ_UEFA,qual,6718,8520,1,3,0.1382220101202655,Crown+SBOBET,pick≥8%,Ukraine,Sweden
5067291,2026-03-26 19:45:00,2526,WCQ_UEFA,qual,5790,10106,1,1,0.2099776553810493,Crown+SBOBET,pick≥8%,Wales,Bosnia and Herzegovina
5067299,2026-03-31 18:45:00,2526,WCQ_UEFA,qual,10106,8204,1,1,0.128301936267047,Crown+SBOBET,pick≥8%,Bosnia and Herzegovina,Italy
5067300,2026-03-31 18:45:00,2526,WCQ_UEFA,qual,8520,8568,3,2,0.1927761082319001,Crown+SBOBET,pick≥8%,Sweden,Poland
5067302,2026-03-31 18:45:00,2526,WCQ_UEFA,qual,8496,8238,2,2,0.1067435178884275,Crown+SBOBET,pick≥8%,Czechia,Denmark
4667764,2026-06-13 22:00:00,2526,WorldCup,tourn,8256,6262,1,1,0.1902215398299114,Crown+SBOBET,pick≥8%,Brazil,Morocco
4667772,2026-06-14 04:00:00,2526,WorldCup,tourn,6716,6595,2,0,0.0580063246973641,Crown+SBOBET,κοντα 5-8%,Australia,Turkiye
4667825,2026-06-17 20:00:00,2526,WorldCup,tourn,8491,10155,4,2,0.1085596929857519,Crown+SBOBET,pick≥8%,England,Croatia
4667754,2026-06-19 01:00:00,2526,WorldCup,tourn,6710,7804,1,0,0.0546450100706834,SBOBET,κοντα 5-8%,Mexico,South Korea
4667774,2026-06-19 19:00:00,2526,WorldCup,tourn,6713,6716,2,0,0.1528106431288358,Crown+SBOBET,pick≥8%,USA,Australia
4667766,2026-06-19 22:00:00,2526,WorldCup,tourn,8498,6262,0,1,0.0751529985335459,Crown+SBOBET,κοντα 5-8%,Scotland,Morocco
4667793,2026-06-21 19:00:00,2526,WorldCup,tourn,8263,6711,0,0,0.1228156644743461,Crown+SBOBET,pick≥8%,Belgium,Iran
4667776,2026-06-26 02:00:00,2526,WorldCup,tourn,6724,6716,0,0,0.4938369224552394,Crown+SBOBET,pick≥8%,Paraguay,Australia
4667795,2026-06-27 03:00:00,2526,WorldCup,tourn,10255,6711,1,1,0.0545240939532465,Crown+SBOBET,κοντα 5-8%,Egypt,Iran
4667817,2026-06-28 02:00:00,2526,WorldCup,tourn,6317,8255,3,3,0.0747566718223948,Crown+SBOBET,κοντα 5-8%,Algeria,Austria
4653705,2026-06-28 19:00:00,2526,WorldCup,tourn,6316,5810,0,1,0.1682087790756117,Crown+SBOBET,pick≥8%,South Africa,Canada
4653711,2026-06-29 17:00:00,2526,WorldCup,tourn,8256,6715,2,1,0.2674423091448805,Crown+SBOBET,pick≥8%,Brazil,Japan
4653703,2026-06-29 20:30:00,2526,WorldCup,tourn,8570,6724,1,1,0.1974434562366929,Crown+SBOBET,pick≥8%,Germany,Paraguay
4653706,2026-06-30 01:00:00,2526,WorldCup,tourn,6708,6262,1,1,0.119551368267891,Crown+SBOBET,pick≥8%,Netherlands,Morocco
