country,name,federation,level,elo,fetched
ALB,Dinamo Tiranë,Albania,1,1424.1,2026-10-05
ALB,Egnatia Rrogozhine,Albania,1,1417.8,2026-10-05
ALB,AF Elbasani,Albania,1,1371.0,2026-10-05
ALB,Vllaznia,Albania,1,1356.7,2026-10-05
ALB,Partizani Tirana,Albania,1,1331.6,2026-10-05
ARM,Noah,Armenia,1,1478.5,2026-10-05
ARM,Ararat-Armenia,Armenia,1,1450.6,2026-10-05
ARM,Pyunik,Armenia,1,1412.7,2026-10-05
ARM,Banants,Armenia,1,1330.2,2026-10-05
ARM,Alashkert,Armenia,1,1328.3,2026-10-05
AUT,RB Salzburg,Austria,1,1657.6,2026-10-05
AUT,LASK,Austria,1,1637.1,2026-10-05
AUT,Sturm Graz,Austria,1,1630.6,2026-10-05
AUT,Rapid Wien,Austria,1,1570.7,2026-10-05
AUT,Austria Wien,Austria,1,1546.6,2026-10-05
AUT,Hartberg,Austria,1,1528.6,2026-10-05
AUT,Wolfsberg,Austria,1,1495.2,2026-10-05
AUT,Ried,Austria,1,1483.3,2026-10-05
AUT,GAK,Austria,1,1460.0,2026-10-05
AUT,Wattens,Austria,1,1447.3,2026-10-05
AUT,Altach,Austria,1,1445.0,2026-10-05
AUT,Lustenau,Austria,1,1414.5,2026-10-05
AZE,Karabakh Agdam,Azerbaijan,1,1600.9,2026-10-05
AZE,Sabah FK,Azerbaijan,1,1563.1,2026-10-05
AZE,Zira,Azerbaijan,1,1464.4,2026-10-05
AZE,Neftçi PFK,Azerbaijan,1,1457.2,2026-10-05
AZE,Turan Tovuz,Azerbaijan,1,1447.4,2026-10-05
AZE,Araz-Naxçıvan PFK,Azerbaijan,1,1328.9,2026-10-05
AZE,Keshla,Azerbaijan,1,1317.9,2026-10-05
AZE,Imisli FK,Azerbaijan,1,1293.7,2026-10-05
AZE,Sumqayit,Azerbaijan,1,1278.3,2026-10-05
AZE,Kapaz PFK,Azerbaijan,1,1244.4,2026-10-05
AZE,FK Gabala,Azerbaijan,1,1222.8,2026-10-05
AZE,Shafa,Azerbaijan,1,1133.7,2026-10-05
BEL,St Gillis,Belgium,1,1812.5,2026-10-05
BEL,Brugge,Belgium,1,1809.0,2026-10-05
BEL,Genk,Belgium,1,1675.8,2026-10-05
BEL,Anderlecht,Belgium,1,1663.0,2026-10-05
BEL,Gent,Belgium,1,1631.5,2026-10-05
BEL,Charleroi,Belgium,1,1627.1,2026-10-05
BEL,Waasland-Beveren,Belgium,1,1618.7,2026-10-05
BEL,St Truiden,Belgium,1,1612.3,2026-10-05
BEL,Standard,Belgium,1,1583.5,2026-10-05
BEL,Antwerp,Belgium,1,1581.5,2026-10-05
BEL,Westerlo,Belgium,1,1575.2,2026-10-05
BEL,Zulte Waregem,Belgium,1,1567.1,2026-10-05
BEL,Mechelen,Belgium,1,1545.8,2026-10-05
BEL,Cercle Brugge,Belgium,1,1542.6,2026-10-05
BEL,Leuven,Belgium,1,1510.4,2026-10-05
BEL,Lommel,Belgium,1,1499.7,2026-10-05
BEL,Dender,Belgium,2,1480.8,2026-10-05
BEL,La Louviére,Belgium,1,1479.7,2026-10-05
BEL,Kortrijk,Belgium,1,1444.4,2026-10-05
BEL,K Beerschot VA,Belgium,2,1426.3,2026-10-05
BEL,RFC Liège,Belgium,2,1355.7,2026-10-05
BEL,Patro Eisden MM,Belgium,2,1355.5,2026-10-05
BIH,Zrinjski Mostar,Bosnia and Herzegovina,1,1488.3,2026-10-05
BIH,Borac Banja Luka,Bosnia and Herzegovina,1,1484.8,2026-10-05
BIH,FK Sarajevo,Bosnia and Herzegovina,1,1380.6,2026-10-05
BIH,Zeljeznicar,Bosnia and Herzegovina,1,1302.8,2026-10-05
BIH,Velez Mostar,Bosnia and Herzegovina,1,1281.9,2026-10-05
BLR,FK Maxline Vitebsk,Belarus,1,1457.1,2026-10-05
BLR,Dinamo Minsk,Belarus,1,1446.8,2026-10-05
BLR,Neman Grodno,Belarus,1,1393.7,2026-10-05
BLR,Torpedo Zhodino,Belarus,1,1363.0,2026-10-05
BLR,Dinamo Brest,Belarus,1,1355.8,2026-10-05
BLR,BATE,Belarus,1,1279.3,2026-10-05
BUL,Levski,Bulgaria,1,1577.9,2026-10-05
BUL,Razgrad,Bulgaria,1,1549.1,2026-10-05
BUL,CSKA Sofia,Bulgaria,1,1502.9,2026-10-05
BUL,CSKA 1948 Sofia,Bulgaria,1,1450.6,2026-10-05
BUL,Arda,Bulgaria,1,1402.6,2026-10-05
BUL,Cherno More,Bulgaria,1,1359.7,2026-10-05
BUL,Botev Plovdiv,Bulgaria,1,1358.9,2026-10-05
BUL,Lok Plovdiv,Bulgaria,1,1323.7,2026-10-05
BUL,Slavia Sofia,Bulgaria,1,1320.0,2026-10-05
BUL,Lok Sofia,Bulgaria,1,1292.0,2026-10-05
BUL,Botev Vratsa,Bulgaria,1,1290.6,2026-10-05
BUL,Spartak Varna,Bulgaria,1,1276.6,2026-10-05
BUL,Septemvri Sofia,Bulgaria,1,1239.4,2026-10-05
BUL,Dunav Ruse,Bulgaria,1,1160.1,2026-10-05
CRO,Dinamo Zagreb,Croatia,1,1672.2,2026-10-05
CRO,Hajduk,Croatia,1,1580.2,2026-10-05
CRO,Rijeka,Croatia,1,1550.0,2026-10-05
CRO,NK Varteks,Croatia,1,1505.0,2026-10-05
CRO,Osijek,Croatia,1,1459.3,2026-10-05
CRO,Istra 1961,Croatia,1,1442.4,2026-10-05
CRO,Lok Zagreb,Croatia,1,1433.6,2026-10-05
CRO,Slaven Belupo,Croatia,1,1400.3,2026-10-05
CRO,HNK Gorica,Croatia,1,1396.8,2026-10-05
CRO,Rudes Zagreb,Croatia,1,1186.9,2026-10-05
CYP,Omonia,Cyprus,1,1643.4,2026-10-05
CYP,Larnaca,Cyprus,1,1594.7,2026-10-05
CYP,Paphos,Cyprus,1,1588.4,2026-10-05
CYP,Apollon Lemesos,Cyprus,1,1530.8,2026-10-05
CYP,Aris Limassol,Cyprus,1,1525.4,2026-10-05
CYP,APOEL,Cyprus,1,1497.7,2026-10-05
CYP,Anorthosis,Cyprus,1,1405.2,2026-10-05
CYP,AEL Limassol,Cyprus,1,1389.2,2026-10-05
CYP,Olympiakos Nicosia,Cyprus,1,1381.2,2026-10-05
CYP,Omonia Aradippou,Cyprus,1,1347.8,2026-10-05
CYP,Achnas,Cyprus,1,1328.2,2026-10-05
CYP,Eny Digenis Ipsonas,Cyprus,1,1327.0,2026-10-05
CYP,Akritas Chlorakas,Cyprus,1,1309.2,2026-10-05
CYP,Nea Salamis,Cyprus,1,1302.0,2026-10-05
CYP,Karmiotissa Polemidion,Cyprus,1,1286.4,2026-10-05
CYP,Omonia 29is Maiou,Cyprus,1,1187.4,2026-10-05
CYP,Enosis Neao,Cyprus,1,1176.8,2026-10-05
CZE,Slavia Praha,Czech Republic,1,1762.4,2026-10-05
CZE,Sparta Praha,Czech Republic,1,1652.2,2026-10-05
CZE,Viktoria Plzeň,Czech Republic,1,1629.3,2026-10-05
CZE,Hradec Kralove,Czech Republic,1,1560.7,2026-10-05
CZE,Slovan Liberec,Czech Republic,1,1551.7,2026-10-05
CZE,Jablonec,Czech Republic,1,1543.6,2026-10-05
CZE,Sigma Olomouc,Czech Republic,1,1510.1,2026-10-05
CZE,Teplice,Czech Republic,1,1500.9,2026-10-05
CZE,Mlada Boleslav,Czech Republic,1,1495.9,2026-10-05
CZE,Banik Ostrava,Czech Republic,1,1472.3,2026-10-05
CZE,Bohemians,Czech Republic,1,1462.3,2026-10-05
CZE,Zbrojovka Brno,Czech Republic,1,1456.6,2026-10-05
CZE,Pardubice,Czech Republic,1,1439.1,2026-10-05
CZE,Karvina,Czech Republic,2,1432.4,2026-10-05
CZE,Slovacko,Czech Republic,1,1398.7,2026-10-05
CZE,Zlín,Czech Republic,1,1378.4,2026-10-05
CZE,Dukla,Czech Republic,2,1367.5,2026-10-05
CZE,FK MAS Táborsko,Czech Republic,2,1302.6,2026-10-05
CZE,Dynamo České Budějovice,Czech Republic,2,1231.3,2026-10-05
CZE,Artis Brno,Czech Republic,2,1213.0,2026-10-05
DEN,Midtjylland,Denmark,1,1716.3,2026-10-05
DEN,FC Kobenhavn,Denmark,1,1693.6,2026-10-05
DEN,Nordsjaelland,Denmark,1,1643.2,2026-10-05
DEN,Aarhus,Denmark,1,1599.7,2026-10-05
DEN,Viborg,Denmark,1,1583.0,2026-10-05
DEN,Brondby,Denmark,1,1577.1,2026-10-05
DEN,Silkeborg,Denmark,1,1515.5,2026-10-05
DEN,Randers,Denmark,1,1510.4,2026-10-05
DEN,Odense,Denmark,1,1496.5,2026-10-05
DEN,SonderjyskE,Denmark,1,1486.6,2026-10-05
DEN,FC Fredericia,Denmark,2,1477.9,2026-10-05
DEN,Vejle,Denmark,2,1440.7,2026-10-05
DEN,Lyngby,Denmark,1,1430.8,2026-10-05
DEN,Aalborg,Denmark,2,1413.0,2026-10-05
DEN,Horsens,Denmark,1,1408.5,2026-10-05
ENG,Arsenal,England,1,2040.3,2026-10-05
ENG,Man City,England,1,2028.2,2026-10-05
ENG,Liverpool,England,1,1937.0,2026-10-05
ENG,Aston Villa,England,1,1894.7,2026-10-05
ENG,Brighton,England,1,1890.9,2026-10-05
ENG,Chelsea,England,1,1881.1,2026-10-05
ENG,Newcastle,England,1,1879.4,2026-10-05
ENG,Man United,England,1,1879.1,2026-10-05
ENG,Brentford,England,1,1861.9,2026-10-05
ENG,Bournemouth,England,1,1860.6,2026-10-05
ENG,Everton,England,1,1827.2,2026-10-05
ENG,Crystal Palace,England,1,1824.4,2026-10-05
ENG,Leeds,England,1,1816.5,2026-10-05
ENG,Fulham,England,1,1806.6,2026-10-05
ENG,Forest,England,1,1805.1,2026-10-05
ENG,Tottenham,England,1,1797.7,2026-10-05
ENG,West Ham,England,2,1777.2,2026-10-05
ENG,Sunderland,England,1,1737.4,2026-10-05
ENG,Wolves,England,2,1726.1,2026-10-05
ENG,Southampton,England,2,1699.2,2026-10-05
ENG,Ipswich,England,1,1694.3,2026-10-05
ENG,Coventry,England,1,1689.2,2026-10-05
ENG,Middlesbrough,England,2,1649.7,2026-10-05
ENG,Burnley,England,2,1645.6,2026-10-05
ENG,Millwall,England,2,1639.2,2026-10-05
ESP,Barcelona,Spain,1,2024.1,2026-10-05
ESP,Real Madrid,Spain,1,1971.9,2026-10-05
ESP,Atlético,Spain,1,1903.1,2026-10-05
ESP,Betis,Spain,1,1817.8,2026-10-05
ESP,Villarreal,Spain,1,1798.3,2026-10-05
ESP,Real Sociedad,Spain,1,1768.8,2026-10-05
ESP,Athletic Club,Spain,1,1764.1,2026-10-05
ESP,Celta,Spain,1,1749.9,2026-10-05
ESP,Rayo Vallecano,Spain,1,1743.9,2026-10-05
ESP,Valencia,Spain,1,1740.8,2026-10-05
ESP,Sevilla,Spain,1,1724.8,2026-10-05
ESP,Alaves,Spain,1,1722.7,2026-10-05
ESP,Girona,Spain,2,1719.7,2026-10-05
ESP,Osasuna,Spain,1,1717.0,2026-10-05
ESP,Mallorca,Spain,2,1712.7,2026-10-05
ESP,Levante,Spain,1,1708.0,2026-10-05
ESP,Elche,Spain,1,1701.3,2026-10-05
ESP,Getafe,Spain,1,1699.8,2026-10-05
ESP,Espanyol,Spain,1,1696.9,2026-10-05
ESP,Almeria,Spain,2,1695.9,2026-10-05
ESP,Eibar,Spain,2,1693.2,2026-10-05
ESP,Depor,Spain,1,1690.9,2026-10-05
ESP,Castellon,Spain,2,1690.5,2026-10-05
ESP,Santander,Spain,1,1685.0,2026-10-05
ESP,Malaga,Spain,1,1665.9,2026-10-05
EST,Levadia Tallinn,Estonia,1,1368.8,2026-10-05
EST,Paide Linnameeskond,Estonia,1,1280.6,2026-10-05
EST,Flora Tallinn,Estonia,1,1255.4,2026-10-05
EST,Nomme Kalju,Estonia,1,1245.1,2026-10-05
FIN,Inter Turku,Finland,1,1519.6,2026-10-05
FIN,Kuopio,Finland,1,1485.8,2026-10-05
FIN,HJK Helsinki,Finland,1,1416.2,2026-10-05
FIN,Ilves Tampere,Finland,1,1400.3,2026-10-05
FIN,Seinajoki,Finland,1,1362.0,2026-10-05
FRA,Paris SG,France,1,1956.1,2026-10-05
FRA,Lens,France,1,1812.4,2026-10-05
FRA,Monaco,France,1,1802.0,2026-10-05
FRA,Lyon,France,1,1800.3,2026-10-05
FRA,Lille,France,1,1779.6,2026-10-05
FRA,Marseille,France,1,1761.8,2026-10-05
FRA,Rennes,France,1,1754.0,2026-10-05
FRA,Strasbourg,France,1,1741.8,2026-10-05
FRA,La Roche VF,France,3,1708.6,2026-10-05
FRA,Paris FC,France,1,1704.8,2026-10-05
FRA,Toulouse,France,1,1687.9,2026-10-05
FRA,Lorient,France,1,1687.6,2026-10-05
FRA,Brest,France,1,1672.3,2026-10-05
FRA,Nice,France,1,1667.3,2026-10-05
FRA,Auxerre,France,1,1651.0,2026-10-05
FRA,Reims,France,2,1633.6,2026-10-05
FRA,Angers,France,1,1620.0,2026-10-05
FRA,Saint-Etienne,France,2,1612.4,2026-10-05
FRA,Le Havre,France,1,1605.8,2026-10-05
FRA,Troyes,France,1,1603.2,2026-10-05
FRA,Cannes,France,3,1596.7,2026-10-05
FRA,Le Mans,France,1,1596.0,2026-10-05
FRA,Red Star,France,2,1579.7,2026-10-05
FRA,Montpellier,France,2,1579.5,2026-10-05
FRA,Nantes,France,2,1575.9,2026-10-05
FRO,Klaksvik,Faroe Islands,1,1406.6,2026-10-05
FRO,Runavik,Faroe Islands,1,1339.9,2026-10-05
FRO,HB Torshavn,Faroe Islands,1,1334.7,2026-10-05
FRO,Víkingur,Faroe Islands,1,1264.8,2026-10-05
GEO,FC Iberia 1999,Georgia,1,1372.7,2026-10-05
GEO,Dinamo Tbilisi,Georgia,1,1367.8,2026-10-05
GEO,Dila Gori,Georgia,1,1340.9,2026-10-05
GEO,Torpedo Kutaisi,Georgia,1,1340.4,2026-10-05
GEO,Spaeri FC,Georgia,1,1129.1,2026-10-05
GER,Bayern München,Germany,1,2046.1,2026-10-05
GER,Dortmund,Germany,1,1900.0,2026-10-05
GER,Leverkusen,Germany,1,1870.4,2026-10-05
GER,Stuttgart,Germany,1,1818.4,2026-10-05
GER,RB Leipzig,Germany,1,1816.2,2026-10-05
GER,Freiburg,Germany,1,1789.7,2026-10-05
GER,Mainz,Germany,1,1742.0,2026-10-05
GER,Frankfurt,Germany,1,1739.8,2026-10-05
GER,Hoffenheim,Germany,1,1728.1,2026-10-05
GER,Augsburg,Germany,1,1724.1,2026-10-05
GER,Werder,Germany,1,1687.5,2026-10-05
GER,Wolfsburg,Germany,2,1677.1,2026-10-05
GER,Union Berlin,Germany,1,1676.1,2026-10-05
GER,Elversberg,Germany,1,1674.8,2026-10-05
GER,Gladbach,Germany,1,1671.6,2026-10-05
GER,Hamburg,Germany,1,1671.1,2026-10-05
GER,Paderborn,Germany,1,1664.6,2026-10-05
GER,Hertha,Germany,2,1655.0,2026-10-05
GER,Köln,Germany,1,1652.3,2026-10-05
GER,Schalke,Germany,1,1649.1,2026-10-05
GER,Heidenheim,Germany,2,1639.9,2026-10-05
GER,Hannover,Germany,2,1631.3,2026-10-05
GER,Nürnberg,Germany,2,1617.0,2026-10-05
GER,St Pauli,Germany,2,1610.9,2026-10-05
GER,Lautern,Germany,2,1607.3,2026-10-05
GRE,Olympiakos,Greece,1,1720.3,2026-10-05
GRE,AEK,Greece,1,1704.1,2026-10-05
GRE,PAOK,Greece,1,1670.2,2026-10-05
GRE,Panathinaikos,Greece,1,1651.9,2026-10-05
GRE,Iraklis,Greece,1,1544.9,2026-10-05
GRE,Aris,Greece,1,1524.8,2026-10-05
GRE,OFI,Greece,1,1486.2,2026-10-05
GRE,PS Kalamata,Greece,1,1476.2,2026-10-05
GRE,Levadeiakos,Greece,1,1457.5,2026-10-05
GRE,Atromitos,Greece,1,1439.6,2026-10-05
GRE,Panetolikos,Greece,1,1414.9,2026-10-05
GRE,Asteras Tripolis,Greece,1,1402.8,2026-10-05
GRE,AE Kifisias,Greece,1,1387.2,2026-10-05
GRE,GS Kallithea,Greece,2,1376.9,2026-10-05
GRE,NFC Volos,Greece,1,1371.8,2026-10-05
GRE,AE Lárissa,Greece,2,1361.1,2026-10-05
GRE,Panserraikos,Greece,2,1329.8,2026-10-05
HUN,Ferencvaros,Hungary,1,1665.2,2026-10-05
HUN,Gyoer,Hungary,1,1567.3,2026-10-05
HUN,Paksi,Hungary,1,1485.6,2026-10-05
HUN,Puskas Akademia,Hungary,1,1480.4,2026-10-05
HUN,Debrecen,Hungary,1,1439.9,2026-10-05
HUN,Vasas SC,Hungary,1,1430.1,2026-10-05
HUN,Ujpest,Hungary,1,1422.3,2026-10-05
HUN,Zalaegerszegi,Hungary,1,1408.7,2026-10-05
HUN,Nyiregyhaza,Hungary,1,1399.9,2026-10-05
HUN,MTK,Hungary,1,1398.1,2026-10-05
HUN,Kisvarda,Hungary,1,1369.2,2026-10-05
HUN,Honved,Hungary,1,1356.3,2026-10-05
IRL,Shamrock,Ireland,1,1414.4,2026-10-05
IRL,St Patricks,Ireland,1,1405.7,2026-10-05
IRL,Bohemians Dublin,Ireland,1,1366.0,2026-10-05
IRL,Shelbourne,Ireland,1,1355.1,2026-10-05
IRL,Derry City,Ireland,1,1348.9,2026-10-05
ISL,Vikingur,Iceland,1,1518.1,2026-10-05
ISL,Valur,Iceland,1,1409.4,2026-10-05
ISL,Stjarnan,Iceland,1,1382.9,2026-10-05
ISL,Breidablik,Iceland,1,1377.6,2026-10-05
ISL,Akureyri,Iceland,1,1247.9,2026-10-05
ISR,Beer-Sheva,Israel,1,1625.1,2026-10-05
ISR,Maccabi Tel Aviv,Israel,1,1611.0,2026-10-05
ISR,Maccabi Haifa,Israel,1,1549.1,2026-10-05
ISR,Beitar,Israel,1,1536.5,2026-10-05
ISR,Hapoel Tel Aviv,Israel,1,1528.4,2026-10-05
ISR,Netanya,Israel,1,1407.6,2026-10-05
ISR,Hapoel Haifa,Israel,1,1405.8,2026-10-05
ISR,Hapoel Jerusalem,Israel,1,1378.9,2026-10-05
ISR,Ironi Tiberias,Israel,1,1376.5,2026-10-05
ISR,H Petach Tikva,Israel,1,1373.6,2026-10-05
ISR,Kiryat Shmona,Israel,1,1358.2,2026-10-05
ISR,M Petach Tikva,Israel,1,1330.3,2026-10-05
ISR,Bnei Sakhinin,Israel,1,1329.7,2026-10-05
ITA,Internazionale,Italy,1,1945.7,2026-10-05
ITA,Roma,Italy,1,1856.5,2026-10-05
ITA,Juventus,Italy,1,1841.1,2026-10-05
ITA,Napoli,Italy,1,1833.2,2026-10-05
ITA,Milan,Italy,1,1822.6,2026-10-05
ITA,Atalanta,Italy,1,1806.5,2026-10-05
ITA,Como,Italy,1,1806.0,2026-10-05
ITA,Lazio,Italy,1,1777.2,2026-10-05
ITA,Bologna,Italy,1,1752.6,2026-10-05
ITA,Fiorentina,Italy,1,1721.3,2026-10-05
ITA,Sassuolo,Italy,1,1697.0,2026-10-05
ITA,Udinese,Italy,1,1696.3,2026-10-05
ITA,Frosinone,Italy,1,1689.5,2026-10-05
ITA,Torino,Italy,1,1681.9,2026-10-05
ITA,Cagliari,Italy,1,1677.6,2026-10-05
ITA,Genoa,Italy,1,1660.5,2026-10-05
ITA,Parma,Italy,1,1647.8,2026-10-05
ITA,Palermo,Italy,2,1646.9,2026-10-05
ITA,Venezia,Italy,1,1645.4,2026-10-05
ITA,Monza,Italy,1,1642.3,2026-10-05
ITA,Lecce,Italy,1,1614.8,2026-10-05
ITA,Cremonese,Italy,2,1606.8,2026-10-05
ITA,Verona,Italy,2,1579.7,2026-10-05
ITA,Catanzaro,Italy,2,1574.2,2026-10-05
ITA,Vicenza,Italy,3,1561.9,2026-10-05
KAZ,FK Kairat,Kazakhstan,1,1450.3,2026-10-05
KAZ,FK Astana,Kazakhstan,1,1443.0,2026-10-05
KAZ,Ordabasy,Kazakhstan,1,1425.4,2026-10-05
KAZ,FK Semey,Kazakhstan,1,1387.4,2026-10-05
KAZ,Aktobe,Kazakhstan,1,1371.3,2026-10-05
KAZ,Tobol,Kazakhstan,1,1369.8,2026-10-05
KOS,Drita,Kosovo,1,1412.0,2026-10-05
KOS,KF Ballkani,Kosovo,1,1375.0,2026-10-05
KOS,KF Prishtina,Kosovo,1,1368.5,2026-10-05
KOS,KF Malisheva,Kosovo,1,1325.2,2026-10-05
KOS,KF Dukagjini,Kosovo,1,1250.9,2026-10-05
LTU,Kauno Zalgiris,Lithuania,1,1390.0,2026-10-05
LTU,Zalgiris Vilnius,Lithuania,1,1339.7,2026-10-05
LTU,Panevezys,Lithuania,1,1293.8,2026-10-05
LTU,FC Hegelmann,Lithuania,1,1269.9,2026-10-05
LTU,Banga Gargždai,Lithuania,1,1259.9,2026-10-05
LUX,Atert Bissen,Luxembourg,1,1346.4,2026-10-05
LUX,Differdang,Luxembourg,1,1324.0,2026-10-05
LUX,US Mondorf,Luxembourg,1,1312.6,2026-10-05
LUX,UNA Strassen,Luxembourg,1,1302.9,2026-10-05
LUX,Dudelange,Luxembourg,1,1255.8,2026-10-05
LUX,R Letzebuerg,Luxembourg,1,1177.7,2026-10-05
LVA,FK Riga,Latvia,1,1498.9,2026-10-05
LVA,FK RFS,Latvia,1,1452.8,2026-10-05
LVA,FK Auda,Latvia,1,1319.3,2026-10-05
LVA,Liepajas,Latvia,1,1285.8,2026-10-05
LVA,BFC Daugavpils,Latvia,1,1238.3,2026-10-05
MDA,Sheriff Tiraspol,Moldova,1,1386.0,2026-10-05
MDA,Petrocub,Moldova,1,1356.2,2026-10-05
MDA,Zimbru,Moldova,1,1329.9,2026-10-05
MDA,Milsami Orhei,Moldova,1,1244.6,2026-10-05
MKD,Shkendija,North Macedonia,1,1448.0,2026-10-05
MKD,Vardar,North Macedonia,1,1398.3,2026-10-05
MKD,Sileks,North Macedonia,1,1336.9,2026-10-05
MLT,Hamrun,Malta,1,1359.8,2026-10-05
MLT,Floriana,Malta,1,1290.3,2026-10-05
MLT,Marsaxlokk,Malta,1,1256.9,2026-10-05
MLT,Birkirkara,Malta,1,1244.7,2026-10-05
MLT,Hibernians Paola,Malta,1,1221.0,2026-10-05
MLT,Valletta,Malta,1,1177.0,2026-10-05
MNE,Podgorica,Montenegro,1,1312.7,2026-10-05
MNE,Sutjeska,Montenegro,1,1277.7,2026-10-05
MNE,FK Mornar,Montenegro,1,1232.9,2026-10-05
MNE,Decic,Montenegro,1,1213.0,2026-10-05
MNE,Petrovac,Montenegro,1,1137.3,2026-10-05
NED,PSV,Netherlands,1,1783.8,2026-10-05
NED,Feyenoord,Netherlands,1,1717.9,2026-10-05
NED,AZ,Netherlands,1,1690.7,2026-10-05
NED,Ajax,Netherlands,1,1686.6,2026-10-05
NED,Twente,Netherlands,1,1665.9,2026-10-05
NED,Nijmegen,Netherlands,1,1585.3,2026-10-05
NED,Utrecht,Netherlands,1,1574.3,2026-10-05
NED,Heerenveen,Netherlands,1,1551.9,2026-10-05
NED,Go Ahead Eagles,Netherlands,1,1551.3,2026-10-05
NED,Groningen,Netherlands,1,1526.1,2026-10-05
NED,Excelsior,Netherlands,1,1506.4,2026-10-05
NED,Sparta,Netherlands,1,1494.6,2026-10-05
NED,Sittard,Netherlands,1,1487.9,2026-10-05
NED,Zwolle,Netherlands,1,1464.7,2026-10-05
NED,Telstar,Netherlands,1,1447.8,2026-10-05
NED,Heracles,Netherlands,2,1442.2,2026-10-05
NED,Den Haag,Netherlands,1,1435.8,2026-10-05
NED,Cambuur,Netherlands,1,1407.8,2026-10-05
NED,Volendam,Netherlands,2,1407.1,2026-10-05
NED,Willem II,Netherlands,1,1405.5,2026-10-05
NED,Breda,Netherlands,2,1395.2,2026-10-05
NED,Almere,Netherlands,2,1390.4,2026-10-05
NED,Waalwijk,Netherlands,2,1390.2,2026-10-05
NED,Vitesse,Netherlands,2,1350.0,2026-10-05
NED,De Graafschap,Netherlands,2,1342.2,2026-10-05
NIR,Coleraine,Northern Ireland,1,1324.6,2026-10-05
NIR,Larne,Northern Ireland,1,1322.1,2026-10-05
NIR,Linfield,Northern Ireland,1,1296.0,2026-10-05
NIR,Glentoran,Northern Ireland,1,1245.0,2026-10-05
NIR,Cliftonville,Northern Ireland,1,1145.1,2026-10-05
NIR,Dungannon,Northern Ireland,1,1125.1,2026-10-05
NOR,Bodø/Glimt,Norway,1,1778.6,2026-10-05
NOR,Viking,Norway,1,1693.1,2026-10-05
NOR,Brann,Norway,1,1588.1,2026-10-05
NOR,Tromsø,Norway,1,1570.5,2026-10-05
NOR,Rosenborg,Norway,1,1567.7,2026-10-05
NOR,Molde,Norway,1,1556.7,2026-10-05
NOR,Lillestrøm,Norway,1,1515.5,2026-10-05
NOR,Fredrikstad,Norway,1,1500.0,2026-10-05
NOR,Sarpsborg,Norway,1,1489.1,2026-10-05
NOR,Sandefjord,Norway,1,1487.1,2026-10-05
NOR,Valerenga,Norway,1,1470.1,2026-10-05
NOR,Kfum,Norway,1,1456.5,2026-10-05
NOR,Ham-Kam,Norway,1,1447.6,2026-10-05
NOR,Kristiansund,Norway,1,1418.3,2026-10-05
NOR,Kongsvinger,Norway,2,1416.8,2026-10-05
NOR,Stromsgodset,Norway,2,1409.1,2026-10-05
NOR,Aalesund,Norway,1,1397.3,2026-10-05
NOR,Start,Norway,1,1384.7,2026-10-05
NOR,Bryne,Norway,2,1359.5,2026-10-05
NOR,Haugesund,Norway,2,1352.4,2026-10-05
POL,Lech,Poland,1,1674.4,2026-10-05
POL,Legia,Poland,1,1619.3,2026-10-05
POL,Jagiellonia,Poland,1,1604.7,2026-10-05
POL,Rakow,Poland,1,1586.8,2026-10-05
POL,Gornik,Poland,1,1582.9,2026-10-05
POL,Pogon,Poland,1,1581.8,2026-10-05
POL,Katowice,Poland,1,1551.8,2026-10-05
POL,Wisla,Poland,1,1543.5,2026-10-05
POL,Korona,Poland,1,1539.4,2026-10-05
POL,Piast Gliwice,Poland,1,1529.5,2026-10-05
POL,Plock,Poland,1,1519.1,2026-10-05
POL,Lubin,Poland,1,1517.9,2026-10-05
POL,Lechia,Poland,2,1510.1,2026-10-05
POL,KS Cracovia,Poland,1,1503.9,2026-10-05
POL,Widzew,Poland,1,1503.5,2026-10-05
POL,Arka,Poland,2,1500.3,2026-10-05
POL,Motor Lublin,Poland,1,1492.3,2026-10-05
POL,Radomiak,Poland,1,1487.1,2026-10-05
POL,Slask,Poland,1,1477.0,2026-10-05
POL,Nieciecza,Poland,2,1470.6,2026-10-05
POL,Wieczysta Kraków,Poland,1,1462.7,2026-10-05
POL,Puszcza Niepołomice,Poland,2,1412.0,2026-10-05
POL,Stal Mielec,Poland,2,1386.0,2026-10-05
POR,Sporting,Portugal,1,1870.5,2026-10-05
POR,Benfica,Portugal,1,1853.8,2026-10-05
POR,Porto,Portugal,1,1839.2,2026-10-05
POR,Braga,Portugal,1,1729.6,2026-10-05
POR,Famalicao,Portugal,1,1612.8,2026-10-05
POR,Santa Clara,Portugal,1,1572.5,2026-10-05
POR,Arouca,Portugal,1,1572.0,2026-10-05
POR,Guimaraes,Portugal,1,1569.6,2026-10-05
POR,Gil Vicente,Portugal,1,1563.8,2026-10-05
POR,Moreirense,Portugal,1,1547.6,2026-10-05
POR,Alverca,Portugal,1,1538.2,2026-10-05
POR,Estoril,Portugal,1,1515.1,2026-10-05
POR,Ac Viseu,Portugal,1,1507.8,2026-10-05
POR,Rio Ave,Portugal,1,1496.7,2026-10-05
POR,Maritimo,Portugal,1,1495.7,2026-10-05
POR,Estrela Amadora,Portugal,1,1495.3,2026-10-05
POR,Casa Pia,Portugal,1,1492.6,2026-10-05
POR,Nacional,Portugal,1,1481.0,2026-10-05
POR,sporting-cp-b,Portugal,2,1479.4,2026-10-05
POR,Tondela,Portugal,2,1472.0,2026-10-05
POR,Vizela,Portugal,2,1463.4,2026-10-05
POR,Torreense,Portugal,2,1462.7,2026-10-05
POR,Leiria,Portugal,2,1455.3,2026-10-05
POR,Lusitania FC Lourosa,Portugal,2,1447.2,2026-10-05
POR,SC Farense,Portugal,2,1439.5,2026-10-05
ROU,Craiova,Romania,1,1581.7,2026-10-05
ROU,CFR Cluj,Romania,1,1539.7,2026-10-05
ROU,Universitatea Cluj,Romania,1,1517.2,2026-10-05
ROU,Rapid Bucuresti,Romania,1,1510.9,2026-10-05
ROU,Dinamo Bucuresti,Romania,1,1509.8,2026-10-05
ROU,Steaua,Romania,1,1492.1,2026-10-05
ROU,Oţelul Galaţi,Romania,1,1437.9,2026-10-05
ROU,UTA Arad,Romania,1,1436.2,2026-10-05
ROU,Arges Pitesti,Romania,1,1433.0,2026-10-05
ROU,Sepsi,Romania,1,1431.6,2026-10-05
ROU,Farul,Romania,1,1428.6,2026-10-05
ROU,Botosani,Romania,1,1406.5,2026-10-05
ROU,Petrolul Ploiesti,Romania,1,1400.7,2026-10-05
ROU,Hermannstadt,Romania,1,1390.1,2026-10-05
ROU,Corvinul Hunedoara,Romania,1,1370.0,2026-10-05
ROU,Voluntari,Romania,1,1368.9,2026-10-05
ROU,FK Csikszereda,Romania,1,1321.4,2026-10-05
SCO,Celtic,Scotland,1,1672.7,2026-10-05
SCO,Rangers,Scotland,1,1616.2,2026-10-05
SCO,Hearts,Scotland,1,1547.0,2026-10-05
SCO,Motherwell,Scotland,1,1486.8,2026-10-05
SCO,Hibernian,Scotland,1,1482.9,2026-10-05
SCO,Dundee United,Scotland,1,1415.0,2026-10-05
SCO,Dundee,Scotland,1,1387.8,2026-10-05
SCO,Falkirk,Scotland,1,1382.4,2026-10-05
SCO,Aberdeen,Scotland,1,1380.7,2026-10-05
SCO,St Mirren,Scotland,1,1377.6,2026-10-05
SCO,Kilmarnock,Scotland,1,1372.2,2026-10-05
SCO,St Johnstone,Scotland,1,1367.6,2026-10-05
SCO,Partick,Scotland,2,1326.1,2026-10-05
SCO,Livingston,Scotland,2,1288.6,2026-10-05
SCO,Arbroath,Scotland,2,1262.4,2026-10-05
SCO,Ayr United,Scotland,2,1253.2,2026-10-05
SCO,Dunfermline,Scotland,2,1247.7,2026-10-05
SRB,Crvena Zvezda,Serbia,1,1663.8,2026-10-05
SRB,Partizan,Serbia,1,1480.9,2026-10-05
SRB,Novi Sad,Serbia,1,1462.5,2026-10-05
SRB,Železničar Pančevo,Serbia,1,1371.6,2026-10-05
SRB,Kragujevac,Serbia,1,1360.3,2026-10-05
SRB,FK Čukarički,Serbia,1,1342.0,2026-10-05
SRB,OFK,Serbia,1,1341.7,2026-10-05
SRB,FK Novi Pazar,Serbia,1,1337.3,2026-10-05
SRB,IMT Beograd,Serbia,1,1325.0,2026-10-05
SRB,Radnik Surdulica,Serbia,1,1314.9,2026-10-05
SRB,Mladost Lucani,Serbia,1,1310.4,2026-10-05
SRB,Radnički Niš,Serbia,1,1285.4,2026-10-05
SRB,Macva Sabac,Serbia,1,1258.0,2026-10-05
SRB,Zemun,Serbia,1,1076.3,2026-10-05
SUI,Lugano,Switzerland,1,1642.1,2026-10-05
SUI,Young Boys,Switzerland,1,1616.1,2026-10-05
SUI,St. Gallen,Switzerland,1,1595.2,2026-10-05
SUI,Sion,Switzerland,1,1578.8,2026-10-05
SUI,Thun,Switzerland,1,1572.6,2026-10-05
SUI,Basel,Switzerland,1,1562.4,2026-10-05
SUI,Servette FC,Switzerland,1,1549.3,2026-10-05
SUI,Luzern,Switzerland,1,1528.3,2026-10-05
SUI,Aarau,Switzerland,2,1502.8,2026-10-05
SUI,Lausanne,Switzerland,1,1476.5,2026-10-05
SUI,Zuerich,Switzerland,1,1469.1,2026-10-05
SUI,Grasshoppers,Switzerland,1,1448.1,2026-10-05
SUI,Yverdon Sport,Switzerland,2,1437.2,2026-10-05
SUI,Vaduz,Switzerland,1,1399.1,2026-10-05
SUI,Winterthur,Switzerland,2,1392.2,2026-10-05
SVK,Slovan,Slovakia,1,1554.1,2026-10-05
SVK,FC DAC 1904,Slovakia,1,1523.9,2026-10-05
SVK,Trnava,Slovakia,1,1477.0,2026-10-05
SVK,Žilina,Slovakia,1,1461.8,2026-10-05
SVK,FK Železiarne Podbrezová,Slovakia,1,1381.3,2026-10-05
SVK,FC Košice,Slovakia,1,1361.0,2026-10-05
SVK,MFK Zemplín Michalovce,Slovakia,1,1338.3,2026-10-05
SVK,Ruzomberok,Slovakia,1,1303.2,2026-10-05
SVK,AS Trenčín,Slovakia,1,1298.5,2026-10-05
SVK,MFK Skalica,Slovakia,1,1296.4,2026-10-05
SVK,KFC Komárno,Slovakia,1,1278.1,2026-10-05
SVK,Banska Bystrica,Slovakia,1,1254.0,2026-10-05
SVN,Celje,Slovenia,1,1515.2,2026-10-05
SVN,Maribor,Slovenia,1,1483.1,2026-10-05
SVN,Olimpija Ljubljana,Slovenia,1,1471.1,2026-10-05
SVN,Koper,Slovenia,1,1469.2,2026-10-05
SVN,Bravo,Slovenia,1,1435.9,2026-10-05
SVN,Aluminij,Slovenia,1,1314.4,2026-10-05
SVN,Radomlje,Slovenia,1,1308.8,2026-10-05
SVN,Brinje Grosuplje,Slovenia,1,1304.0,2026-10-05
SVN,Nafta,Slovenia,1,1302.7,2026-10-05
SVN,Mura,Slovenia,1,1290.4,2026-10-05
SWE,Hammarby,Sweden,1,1622.2,2026-10-05
SWE,Djurgarden,Sweden,1,1612.3,2026-10-05
SWE,Sirius,Sweden,1,1575.4,2026-10-05
SWE,Elfsborg,Sweden,1,1555.6,2026-10-05
SWE,Malmö,Sweden,1,1555.5,2026-10-05
SWE,GAIS,Sweden,1,1548.2,2026-10-05
SWE,Häcken,Sweden,1,1533.4,2026-10-05
SWE,AIK,Sweden,1,1526.6,2026-10-05
SWE,Mjällby,Sweden,1,1525.0,2026-10-05
SWE,Västerås,Sweden,1,1501.5,2026-10-05
SWE,Göteborg,Sweden,1,1499.2,2026-10-05
SWE,Brommapojkarna,Sweden,1,1450.8,2026-10-05
SWE,Norrköping,Sweden,2,1441.7,2026-10-05
SWE,Kalmar,Sweden,1,1422.4,2026-10-05
SWE,Öster,Sweden,2,1413.6,2026-10-05
SWE,Degerfors,Sweden,1,1402.4,2026-10-05
SWE,Örgryte,Sweden,1,1382.0,2026-10-05
SWE,Halmstad,Sweden,1,1379.4,2026-10-05
SWE,Värnamo,Sweden,2,1351.0,2026-10-05
TUR,Galatasaray,Turkey,1,1795.1,2026-10-05
TUR,Fenerbahçe,Turkey,1,1780.5,2026-10-05
TUR,Amed SK,Turkey,1,1705.6,2026-10-05
TUR,Besiktas,Turkey,1,1698.6,2026-10-05
TUR,Trabzonspor,Turkey,1,1663.9,2026-10-05
TUR,Bandırmaspor,Turkey,2,1633.6,2026-10-05
TUR,Başakşehir,Turkey,1,1628.5,2026-10-05
TUR,Göztepe,Turkey,1,1599.5,2026-10-05
TUR,Samsunspor,Turkey,1,1595.5,2026-10-05
TUR,Kocaelispor,Turkey,1,1586.0,2026-10-05
TUR,Erzurum,Turkey,1,1580.9,2026-10-05
TUR,Alanyaspor,Turkey,1,1578.7,2026-10-05
TUR,Bodrum,Turkey,2,1572.3,2026-10-05
TUR,Rizespor,Turkey,1,1569.1,2026-10-05
TUR,Çorum FK,Turkey,2,1566.8,2026-10-05
TUR,Kasimpasa,Turkey,1,1566.5,2026-10-05
TUR,Genclerbirligi,Turkey,1,1559.3,2026-10-05
TUR,Gaziantep,Turkey,1,1541.1,2026-10-05
TUR,Konyaspor,Turkey,1,1537.8,2026-10-05
TUR,Eyupspor,Turkey,1,1527.5,2026-10-05
TUR,Kayseri,Turkey,2,1511.8,2026-10-05
TUR,Antalyaspor,Turkey,2,1505.5,2026-10-05
TUR,Sivasspor,Turkey,2,1504.3,2026-10-05
TUR,Karagümrük,Turkey,2,1502.8,2026-10-05
TUR,Boluspor,Turkey,2,1484.3,2026-10-05
UKR,Shakhtar,Ukraine,1,1689.3,2026-10-05
UKR,Dynamo Kyiv,Ukraine,1,1579.7,2026-10-05
UKR,Polissya Zhytomyr,Ukraine,1,1546.5,2026-10-05
UKR,Karpaty,Ukraine,1,1500.5,2026-10-05
UKR,Cherkasy,Ukraine,1,1492.7,2026-10-05
UKR,Bukovyna,Ukraine,1,1466.5,2026-10-05
UKR,Kryvbas,Ukraine,1,1463.3,2026-10-05
UKR,Zorya,Ukraine,1,1457.8,2026-10-05
UKR,Metalist 1925,Ukraine,1,1454.1,2026-10-05
UKR,Kolos,Ukraine,1,1441.7,2026-10-05
UKR,Veres,Ukraine,1,1366.6,2026-10-05
UKR,Epitsentr,Ukraine,1,1365.2,2026-10-05
UKR,Livyi Bereh,Ukraine,1,1325.5,2026-10-05
UKR,Chernomorets,Ukraine,1,1320.1,2026-10-05
UKR,Obolon,Ukraine,1,1310.4,2026-10-05
UKR,FC Kudrivka,Ukraine,1,1277.1,2026-10-05
WAL,The New Saints,Wales,1,1367.0,2026-10-05
WAL,Connahs Quay,Wales,1,1144.6,2026-10-05
WAL,Penybont FC,Wales,1,1129.9,2026-10-05
WAL,Caernarfon Town,Wales,1,1074.1,2026-10-05
WAL,Haverfordwest,Wales,1,1039.5,2026-10-05
