team,season,promoted,coach_same,cont,gprior,n_g
8197,2223,False,True,0.835959595959596,-0.07587049912439614,4
8455,2223,False,True,0.7169192953707497,0.017173536945882528,4
8456,2223,False,True,0.8723232323232323,-0.014061174090276574,4
8586,2223,False,True,0.9038383838383839,-0.3947950741598958,4
10252,2223,False,True,0.8010101010101011,-0.17366694804715666,4
8463,2223,False,True,0.5903030303030303,-0.2230230776106477,4
8466,2223,False,True,0.5767676767676768,0.24723987666024078,4
10260,2223,False,False,0.7436363636363637,-0.5139787325103513,4
10261,2223,False,True,0.7480808080808081,-0.19623196953128674,4
9879,2223,True,False,0.0,0.11306564685352982,4
8602,2223,False,True,0.682020202020202,0.20072627205144683,4
8650,2223,False,True,0.7541183648566199,0.11953535414677552,4
8654,2223,False,True,0.8838383838383839,0.18616781675837157,4
9937,2223,False,True,0.702020202020202,0.34153428418323206,4
10203,2223,True,False,0.0,0.10946166709605731,4
10204,2223,False,True,0.8608080808080808,0.1521221796046398,4
8668,2223,False,True,0.5496969696969697,-0.03872480071000117,4
9825,2223,False,True,0.7402020202020202,-0.4181525391057716,4
9826,2223,False,True,0.8098989898989899,0.3140725317732671,4
8678,2223,True,False,0.0,0.2474056488163404,4
8455,2324,False,False,0.42868686868686867,-0.5916146767157717,4
8456,2324,False,True,0.8325252525252526,-0.13525765505193732,4
8586,2324,False,False,0.5353535353535354,0.2250947779012491,4
10252,2324,False,True,0.7177777777777777,-0.06887482875702691,4
10260,2324,False,True,0.7983838383838384,-0.3974492767641621,4
10261,2324,False,True,0.7806060606060606,0.028404354501973345,4
9879,2324,False,True,0.7990644702054098,0.217568401223192,5
8602,2324,False,False,0.8005657708628006,0.14597085215039945,4
8346,2324,True,False,0.0,0.19946458667408706,4
8650,2324,False,True,0.7880971993410214,-0.17775005058342697,4
8654,2324,False,True,0.7753196671402476,0.27800120726705335,4
8657,2324,True,False,0.0,0.448511282791666,4
9937,2324,False,True,0.7331040064751113,0.02821658681529826,4
10203,2324,False,True,0.6596306068601583,0.084162212619793,5
10204,2324,False,True,0.6404040404040404,0.03539837509592303,4
8668,2324,False,True,0.6551515151515152,-0.3170297958597048,4
9825,2324,False,True,0.7402070225289222,0.04959500525062083,4
9826,2324,False,True,0.7698989898989899,-0.17701405469807716,4
8678,2324,False,False,0.6036363636363636,-0.10286107057227523,4
8191,2324,True,False,0.0,0.15203111325038052,4
8197,2425,True,False,0.0,-0.22018593580245505,4
8455,2425,False,False,0.7357575757575757,-0.40474140719236945,4
8456,2425,False,True,0.8303030303030303,0.11720658798547379,4
8586,2425,False,True,0.8701010101010102,-0.47723137973676705,4
10252,2425,False,True,0.6624242424242425,0.11070297095958687,4
8466,2425,True,False,0.0,-0.20906763124872907,4
10260,2425,False,True,0.6044444444444445,-0.418453141939735,4
10261,2425,False,True,0.8154664484451718,0.19716234990905174,4
9879,2425,False,True,0.6927272727272727,0.24233560924239878,4
8602,2425,False,True,0.6933333333333334,0.21502240505419223,4
9902,2425,True,False,0.0,0.11347859186080633,4
8650,2425,False,False,0.9743589743589743,0.11280590561760517,4
8654,2425,False,False,0.7048484848484848,-0.30222361554391175,4
9937,2425,False,True,0.8092929292929293,0.41826270629964185,4
10203,2425,False,True,0.7883876188549463,-0.10291962826577256,4
10204,2425,False,False,0.7151515151515152,-0.17727440726268912,4
8668,2425,False,True,0.6861550954120991,0.44779974807257295,4
9825,2425,False,True,0.8063322368421053,0.27272048391095177,4
9826,2425,False,True,0.832929292929293,0.03290758383889364,4
8678,2425,False,True,0.7547474747474747,0.03169220424125391,4
8455,2526,False,True,0.7126413155190133,0.0662508112993338,4
8456,2526,False,True,0.45474747474747473,-0.06387376965095198,4
8586,2526,False,False,0.7224242424242424,-0.3236953267249651,4
10252,2526,False,True,0.8122208688591149,-0.22118198449552923,4
8463,2526,True,False,0.0,-0.14966066245055115,4
10260,2526,False,True,0.526809378185525,-0.37874485608887365,4
10261,2526,False,True,0.7957186544342507,-0.06019161958124519,4
9879,2526,False,True,0.8363636363636363,0.35442410937005386,4
8472,2526,True,False,0.0,-0.2813527833923381,4
8602,2526,False,True,0.6064371562436341,0.30210572984532413,4
8650,2526,False,True,0.7072727272727273,-0.09179976546931368,4
8654,2526,False,True,0.5522995522995523,0.0187711851161646,4
9937,2526,False,False,0.5224242424242425,0.36038893479045975,4
10203,2526,False,True,0.7147474747474748,0.1156839850627514,4
8668,2526,False,True,0.7296969696969697,-0.0690170076238229,4
10204,2526,False,True,0.8167676767676768,-0.14574564099317266,4
9825,2526,False,True,0.6654545454545454,-0.1292456495505181,4
9826,2526,False,True,0.933939393939394,0.22909370687395142,4
8678,2526,False,True,0.5852525252525252,0.4436081418960212,4
8191,2526,True,False,0.0,0.024182461767221552,4
9865,2223,True,False,0.0,0.38892528853614206,4
8603,2223,False,True,0.75248327589702,0.27292627543868164,4
10267,2223,False,False,0.640325865580448,0.03478575173474946,4
10268,2223,False,True,0.7157506152584086,0.02635487172101808,4
10281,2223,True,False,0.0,0.31995378156833165,4
9906,2223,False,True,0.7272176197211558,-0.27697593919689945,4
8371,2223,False,True,0.7785858585858586,-0.28554719592417516,4
7732,2223,True,False,0.0,-0.08697276728825817,4
8370,2223,False,True,0.8041427399507793,0.4301318372988869,4
9910,2223,False,True,0.6050505050505051,0.07695331405500883,4
8633,2223,False,True,0.832929292929293,-0.5032895128762171,4
8634,2223,False,True,0.5916346736714487,-0.7963363913953068,4
8385,2223,False,True,0.6588330632090762,0.32614602473770293,4
8661,2223,False,True,0.7468686868686869,-0.08502593078759443,4
10205,2223,False,True,0.8076767676767677,-0.1752314527380119,4
8558,2223,False,False,0.46410308856616894,0.12633343316610257,4
8302,2223,False,False,0.8076456310679612,0.026816152380887498,4
8560,2223,False,True,0.723030303030303,0.018391866409911306,4
8305,2223,False,True,0.5990299110751819,0.4114659274271295,4
8315,2223,False,False,0.9622222222222222,-0.2498053342680894,4
9865,2324,False,False,0.5315682281059063,0.3208387658200737,4
9866,2324,True,False,0.0,0.2591386320685262,4
10267,2324,False,True,0.6335353535353535,0.05192333996820135,5
8603,2324,False,True,0.5925252525252526,0.10299129981889107,4
9906,2324,False,True,0.7955555555555556,-0.13813658538914442,4
8371,2324,False,True,0.6918875177018006,0.23526343271244832,4
7732,2324,False,True,0.757979797979798,0.21124835862702904,4
8370,2324,False,False,0.6842424242424242,-0.03887845512552951,4
9910,2324,False,False,0.6876767676767677,-0.15136282005694726,4
8633,2324,False,True,0.6907070707070707,-0.37362141081646966,4
8634,2324,False,True,0.7401060791513668,-0.17664496246565572,4
8385,2324,False,True,0.6612772837510105,-0.30461789941196354,4
7878,2324,True,False,0.0,0.12360095578235769,4
8661,2324,False,True,0.642020202020202,-0.08267155838804174,4
10205,2324,False,True,0.5421958213846784,0.1523630420386293,4
8302,2324,False,True,0.7909330095122444,-0.37037723578850773,4
8560,2324,False,True,0.7098989898989899,-0.028831130173083003,4
8305,2324,False,True,0.8212324588163514,0.0721861644447267,4
8306,2324,True,False,0.0,-0.03866430531595648,5
8315,2324,False,True,0.7471030697296198,0.17093761298735446,4
9866,2425,False,True,0.6643752527294784,0.0744220790797665,4
10267,2425,False,True,0.6882828282828283,0.056029292916744855,4
8603,2425,False,True,0.47434343434343434,0.011061697123590425,4
10281,2425,True,False,0.0,0.05665414501002808,4
7854,2425,True,False,0.0,0.02794037372604665,5
8370,2425,False,True,0.722020202020202,-0.07305247385226735,4
8371,2425,False,False,0.8010101010101011,-0.091706372999738,4
9906,2425,False,True,0.7183838383838383,-0.6007634077391686,4
7732,2425,False,True,0.6155555555555555,0.42541454219726976,4
9910,2425,False,True,0.44965628790942175,-0.2318977207744313,4
8633,2425,False,True,0.6781167912709638,-0.4788940776118334,4
8634,2425,False,False,0.8095045500505561,-0.17422354759120406,4
8661,2425,False,False,0.7431527693244065,0.1070404163561268,4
10205,2425,False,False,0.4460227272727273,0.2520044037520617,4
8302,2425,False,False,0.5991911021233569,0.005578421957942492,5
8558,2425,True,False,0.0,0.2657429640723742,4
8560,2425,False,True,0.6263039476375537,-0.0492248007755729,4
8305,2425,False,True,0.5747474747474748,-0.034732186766235046,4
8306,2425,False,False,0.5723232323232323,0.11102549400700362,4
8315,2425,False,True,0.7862082994304312,0.33320105899049823,4
8581,2526,True,False,0.0,0.2920271590849996,4
9866,2526,False,True,0.6133333333333333,-0.14876774403189563,4
8603,2526,False,True,0.6084848484848485,0.09016164805779467,5
10267,2526,False,True,0.600368701351905,-0.18871371386140598,4
10268,2526,True,False,0.0,-0.03331505354146194,4
9906,2526,False,True,0.7248580697485807,0.012583568390760358,4
8371,2526,False,False,0.7830612244897959,0.15488917296937965,4
7732,2526,False,True,0.4801000208376745,-0.2811006372767969,4
8370,2526,False,True,0.8753535353535353,0.1031025059460961,4
9910,2526,False,True,0.6618181818181819,0.006168290382410779,5
8633,2526,False,False,0.6888798037612428,-0.472215256277835,4
8634,2526,False,True,0.7719191919191919,-0.3229190195727279,4
8661,2526,False,True,0.6191656340355225,0.5583647662723203,4
10205,2526,False,True,0.5131313131313131,-0.18385910974923647,4
8670,2526,True,False,0.0,0.220615051083571,4
8558,2526,False,True,0.619164118246687,-0.20612375669374336,4
8302,2526,False,False,0.5737373737373738,0.10279290998216223,4
8560,2526,False,False,0.807070707070707,0.06057381288717936,4
8305,2526,False,True,0.661010101010101,0.18996524106368803,4
8315,2526,False,True,0.8396667344035765,0.02168768027468973,4
9857,2223,False,True,0.7010014306151645,-0.037993887297018,4
7943,2223,False,True,0.7705050505050505,0.2743313968822407,4
9875,2223,False,True,0.6729292929292929,-0.22509306761985165,4
9876,2223,False,False,0.6313131313131313,0.3343974506369323,4
8600,2223,False,False,0.7977573904179409,0.09989369780294838,4
9881,2223,False,False,0.68508399109492,0.09201669844422872,4
9882,2223,False,True,0.6177777777777778,0.11737800015509792,4
9885,2223,False,True,0.5959595959595959,-0.3250677456643947,4
9888,2223,True,False,0.0,0.009029817610670288,4
8636,2223,False,True,0.8931313131313131,-0.3371902188228299,4
9804,2223,False,True,0.562020202020202,0.20900368059196273,4
8524,2223,False,True,0.768080808080808,0.02209450550497577,4
6480,2223,False,True,0.5218181818181818,-0.2723364423902508,4
8534,2223,False,False,0.6487309644670051,0.037739663870006546,4
8535,2223,False,True,0.5513131313131313,0.2918218314868992,4
8543,2223,False,True,0.7622277024249897,-0.06888784031861811,4
6504,2223,True,False,0.0,0.08898969088583072,4
8686,2223,False,True,0.7080218225904223,-0.20613751195901958,4
8564,2223,False,True,0.8712871287128713,-0.4853185355860354,4
7801,2223,True,False,0.0,0.3813288157862249,4
9857,2324,False,True,0.5381818181818182,-0.13089820527834922,4
7943,2324,False,True,0.6788841376501731,-0.04148407842499319,4
9875,2324,False,False,0.8624242424242424,0.3547360573301419,4
9876,2324,False,False,0.5997168284789643,0.03861291612917089,4
8600,2324,False,True,0.5507070707070707,0.20757163442961812,4
9885,2324,False,True,0.8121212121212121,-0.04779097083871936,4
9888,2324,False,False,0.48382502543234995,0.05216731029765853,4
9891,2324,True,False,0.0,0.034138339934674855,4
8636,2324,False,True,0.7258031925641544,-0.27003651205235735,4
9804,2324,False,True,0.7367676767676767,-0.1228641228845053,4
8524,2324,False,False,0.6767676767676768,-0.09314313633614829,4
6480,2324,False,True,0.6341414141414141,-0.15794592399738655,4
8529,2324,True,False,0.0,0.1577023221386102,4
8534,2324,False,True,0.5070707070707071,0.10314752696781215,4
8535,2324,False,True,0.5725252525252525,0.134579729559299,4
8543,2324,False,False,0.8593939393939394,0.07552605824204109,4
6504,2324,False,True,0.7213346814964611,-0.03258123783464978,4
8686,2324,False,False,0.6511111111111111,0.06634857897498703,4
8564,2324,False,True,0.6561674456411298,0.08178754467239249,4
10233,2324,True,False,0.0,-0.40957383102929723,4
9857,2425,False,False,0.5931313131313132,0.3860875714419751,4
9875,2425,False,False,0.7090909090909091,-0.21353771409669525,4
9876,2425,False,False,0.5586065573770492,0.2119157314217704,4
8600,2425,False,False,0.6789772727272727,0.09303441725657052,4
9885,2425,False,False,0.5428282828282829,-0.016872993000468822,4
9888,2425,False,True,0.6482928835870012,-0.08710347764809573,4
10167,2425,True,False,0.0,0.14764015080999188,4
10171,2425,True,False,0.0,0.023385247317242064,4
8636,2425,False,True,0.902020202020202,-0.2415605322454832,4
7881,2425,True,False,0.0,0.6259680330067592,4
9804,2425,False,False,0.7335353535353535,0.11676848930640643,4
8524,2425,False,True,0.7317171717171718,-0.02407845770813885,4
8529,2425,False,False,0.6412121212121212,0.007953075236232121,4
8534,2425,False,False,0.4583838383838384,-0.13406638338184051,4
8535,2425,False,False,0.4078494841189561,-0.12305494518828372,4
8543,2425,False,False,0.7656565656565657,-0.48904134324235105,4
6504,2425,False,False,0.6646464646464646,0.1943570920762905,4
8686,2425,False,True,0.6545454545454545,-0.22372505743589968,4
8564,2425,False,False,0.6767676767676768,-0.37251164658815694,4
10233,2425,False,True,0.7452525252525253,0.1184427426621755,4
9857,2526,False,True,0.7238383838383838,0.2905892444790619,4
7943,2526,True,False,0.0,-0.07414995190547868,4
9875,2526,False,False,0.7127272727272728,-0.13937231118004845,4
9876,2526,False,True,0.31313131313131315,0.05232830613930159,4
8600,2526,False,True,0.7216161616161616,-0.12601508188691207,4
9885,2526,False,True,0.7879830062714951,-0.23944481332921652,4
10233,2526,False,True,0.49393939393939396,-0.007300866077603885,4
9888,2526,False,False,0.5626262626262626,0.022884465807359144,4
10167,2526,False,False,0.5163636363636364,-0.10430718289388824,4
10171,2526,False,True,0.5210526315789473,-0.3311222791684474,4
8636,2526,False,False,0.795959595959596,-0.009986750382103227,4
8524,2526,False,False,0.6831983805668016,0.35787675258538665,4
9804,2526,False,False,0.575959595959596,-0.032608126105171914,4
6479,2526,True,False,0.0,0.053193560076511714,4
8529,2526,False,False,0.6193939393939394,-0.015997085770074138,4
8535,2526,False,False,0.7602020202020202,0.13751731179273619,4
8543,2526,False,False,0.7923574605742014,0.21594398936570852,4
8686,2526,False,False,0.7571717171717172,-0.24830808548269712,4
8564,2526,False,False,0.54220052877771,-0.13478316049755892,4
7801,2526,True,False,0.0,0.33306206443313485,4
10189,2223,True,False,0.0,0.05284453094113778,4
8721,2223,False,False,0.616969696969697,0.1507740125248771,4
9810,2223,False,True,0.5973737373737373,0.03739832506664137,4
8722,2223,False,True,0.7335353535353535,0.42981707800092206,4
8149,2223,False,True,0.5442424242424242,0.3096597283627577,4
8406,2223,False,False,0.6056565656565657,0.2755914963086408,4
10269,2223,False,True,0.6693235234007766,-0.09154111679806631,4
9823,2223,False,True,0.7642424242424243,-0.5286417949931619,4
8226,2223,False,False,0.5908997745439639,-0.14155493177411327,4
8358,2223,False,True,0.6163636363636363,0.004466937490623768,4
178475,2223,False,True,0.6668705402650357,-0.23509587871662163,4
8177,2223,False,False,0.3797930614729154,-0.17193931857933276,4
8178,2223,False,True,0.8599797365754812,0.007676615161247458,4
9905,2223,False,True,0.7854545454545454,-0.25464349091772737,4
9911,2223,False,True,0.5175757575757576,0.43340756269758796,4
8697,2223,True,False,0.0,-0.23839141352802595,4
9788,2223,False,False,0.7989008752289843,-0.12298585647588467,4
9789,2223,False,False,0.7183838383838383,0.0831575152284979,4
8262,2324,True,False,0.0,0.29161728050662317,4
8721,2324,False,True,0.556969696969697,-0.01711223783857918,4
9810,2324,False,False,0.4631172525909368,-0.10086689299707474,4
8722,2324,False,True,0.6403313800767831,0.03703977579415596,4
8149,2324,False,True,0.6238928939237899,0.0170141066845636,4
8406,2324,False,True,0.6777732629012596,0.15042342888031862,4
94937,2324,True,False,0.0,0.0966299645212284,4
10269,2324,False,True,0.6080808080808081,-0.0511673586709393,4
9823,2324,False,True,0.6622222222222223,-0.21038839569698148,4
8226,2324,False,True,0.6725252525252525,-0.295023286970562,4
8358,2324,False,True,0.8057466612707406,0.23632199937277587,4
178475,2324,False,True,0.6747474747474748,0.08125567959839691,4
9905,2324,False,True,0.7559595959595959,0.1913718953168052,4
8178,2324,False,True,0.6228282828282828,-0.540151145698362,4
9911,2324,False,True,0.6482828282828282,-0.2851543845978173,4
8697,2324,False,True,0.8470707070707071,0.012726201509840218,4
9788,2324,False,False,0.5139393939393939,0.3864114930505733,4
9789,2324,False,True,0.76,-0.0009481227649653645,4
8721,2425,False,True,0.5598221503637834,0.0098545464615587,4
9810,2425,False,True,0.6537373737373737,-0.3208757287420776,4
8149,2425,False,False,0.7327272727272728,-0.22842735779552528,4
8406,2425,False,True,0.4387423935091278,0.08362575389232502,4
8150,2425,True,False,0.0,0.34282608548746774,4
8152,2425,True,False,0.0,-0.07584505820186682,4
94937,2425,False,True,0.7004048582995951,0.28527890604495587,4
10269,2425,False,True,0.7213081454397725,0.4789957671761424,4
9823,2425,False,False,0.8171717171717172,-0.48272915450513026,4
8226,2425,False,True,0.6096760967609676,0.3055323664173515,4
8358,2425,False,False,0.6882828282828283,-0.32809874938562916,4
178475,2425,False,True,0.8105156723963599,-0.078746987749582,4
9905,2425,False,True,0.6814232519652462,-0.013640225478892515,4
8178,2425,False,True,0.8280808080808081,0.19250330885700512,4
9911,2425,False,False,0.49777777777777776,0.25507232672511837,4
8697,2425,False,True,0.8648373983739838,0.12206507784611942,4
9788,2425,False,True,0.706060606060606,-0.43816362245210405,4
9789,2425,False,False,0.7115345631461585,-0.10922725459723642,4
8721,2526,False,False,0.6016161616161616,0.09502835669816134,4
9810,2526,False,True,0.610909090909091,-0.1464505760112481,4
8722,2526,True,False,0.0,-0.37137667622517656,4
8149,2526,False,True,0.7620396600566572,0.3668249274877194,4
8406,2526,False,False,0.649090909090909,0.06752908302804839,4
8152,2526,False,True,0.4408080808080808,-0.09538716735616881,4
94937,2526,False,True,0.6476131940176193,0.28024315791089477,4
10269,2526,False,True,0.7242424242424242,0.07015226481206632,4
9823,2526,False,True,0.6507070707070707,0.1083067980288252,4
8226,2526,False,True,0.24323232323232324,-0.48825625832798314,4
8358,2526,False,True,0.7393939393939394,-0.03106564902908515,4
178475,2526,False,False,0.6763636363636364,-0.2139608021846509,4
9905,2526,False,True,0.7707818930041153,0.31278400279952734,4
8178,2526,False,False,0.4889205122992478,0.35116776740079153,4
8697,2526,False,False,0.5697745277269958,0.19859922488531834,4
9788,2526,False,True,0.6450505050505051,-0.07609797746451402,4
9789,2526,False,True,0.7490394337714863,-0.2827565110927195,4
9790,2526,True,False,0.0,-0.14528396535980642,4
8576,2223,True,False,0.0,0.024714246132069267,4
10242,2223,False,True,0.6755555555555556,0.26575425450914447,4
8583,2223,True,False,0.0,0.1744831205646512,5
10249,2223,False,True,0.5542069533017897,0.5625127061321661,4
8588,2223,False,True,0.5941414141414142,0.0363155556211574,5
8592,2223,False,False,0.4538087520259319,0.009501289596266893,4
9748,2223,False,False,0.4835277266216493,-0.4131073156479875,4
8121,2223,False,True,0.43979274611398966,0.35555060569225483,4
8639,2223,False,False,0.6193939393939394,0.02356995241735499,4
8521,2223,False,True,0.6535641547861507,-0.012921797604585922,4
9941,2223,True,False,0.0,-0.3813094939241907,4
8311,2223,False,True,0.4812550937245314,0.41461697653852253,4
9829,2223,False,True,0.7401787570151735,0.08669499206969808,4
9830,2223,False,True,0.8406060606060606,-0.016846045334319965,4
9831,2223,False,False,0.698905109489051,0.04597698202430259,4
9837,2223,False,True,0.627188465499485,-0.0146179756022089,4
8689,2223,False,False,0.4954481084361724,-0.20528851719852562,4
9847,2223,False,False,0.7674747474747474,-1.4707324785939568,4
9848,2223,False,True,0.7745454545454545,-0.05049856825654578,4
9851,2223,False,True,0.6884219034148312,0.5129318418182807,4
8521,2324,False,True,0.8034343434343434,-0.13769011102256953,4
10249,2324,False,True,0.7896969696969697,-0.22132523707202384,4
8588,2324,False,True,0.7242007284500203,0.49024293788295414,4
8592,2324,False,False,0.5046464646464647,0.17768384523864417,4
9746,2324,True,False,0.0,-0.11726497597788588,4
9748,2324,False,True,0.6718623481781376,0.3211771906533969,4
9941,2324,False,False,0.4917171717171717,-0.21092241028219982,4
8311,2324,False,True,0.7878787878787878,0.13512135906662281,4
9829,2324,False,False,0.5676767676767677,-0.3784574294411439,4
9830,2324,False,True,0.5795851304169234,0.4110666624741655,4
9831,2324,False,False,0.6151515151515151,-0.1933164869682757,4
8550,2324,True,False,0.0,-0.19968580471188085,4
9837,2324,False,True,0.6246464646464647,-0.1911504155462277,4
8689,2324,False,True,0.8122007078909015,0.03239534910755304,4
9847,2324,False,False,0.5557575757575758,-0.11829401420802921,4
9848,2324,False,False,0.6905050505050505,-0.1686974282445865,4
9851,2324,False,True,0.6636363636363637,0.21904689667230925,4
8639,2324,False,True,0.6518833535844472,0.15007007237917713,4
8583,2425,True,False,0.0,-0.2596828206884033,4
8521,2425,False,True,0.5638383838383838,0.7422238849004373,4
10249,2425,False,True,0.8563636363636363,0.2918548381747303,4
8588,2425,False,False,0.7687019813991104,-0.3121316470980896,4
8592,2425,False,False,0.27572695401113634,-0.61909086986601,4
9746,2425,False,False,0.8387878787878787,0.3480586916686483,4
9748,2425,False,True,0.5614141414141414,-0.1471342470543417,4
9941,2425,False,True,0.6787395129936566,-0.018818396161978584,4
9829,2425,False,True,0.6807435845625379,0.1170866742853876,4
9830,2425,False,True,0.711919191919192,-0.0009969380600293731,4
9831,2425,False,False,0.5510659898477157,0.16554371198061563,4
9837,2425,False,False,0.6018461538461538,0.404518907712935,4
9847,2425,False,True,0.7387878787878788,-0.6729223107681952,4
9848,2425,False,False,0.45191919191919194,0.004086105434549792,4
8121,2425,True,False,0.0,0.4618028730037959,4
9851,2425,False,True,0.5638383838383838,-0.37139001062415056,4
9853,2425,True,False,0.0,-0.19273992399459375,4
8639,2425,False,False,0.704040404040404,0.05973147715469221,4
8583,2526,False,True,0.4937204035412806,0.11196444688809704,4
8521,2526,False,True,0.6343845371312309,0.027947177510394383,4
8588,2526,False,False,0.4688888888888889,0.09578046586425093,4
8592,2526,False,True,0.5254653303334015,-0.19929863916538199,4
9746,2526,False,True,0.6092929292929293,-0.04658687651874899,4
9748,2526,False,False,0.6761904761904762,-0.028340824154336586,4
9941,2526,False,True,0.7180161943319838,0.3162181000284567,4
9829,2526,False,True,0.6565656565656566,-0.4408755153010457,4
8550,2526,True,False,0.0,0.170092328040511,4
9831,2526,False,True,0.38606060606060605,0.20654360766478708,4
9830,2526,False,False,0.49595959595959593,0.10724673897207287,4
6379,2526,True,False,0.0,-0.41059092872955627,4
8689,2526,True,False,0.0,-0.17295926574938159,4
9847,2526,False,True,0.7654545454545455,-0.5237988083593881,4
9848,2526,False,True,0.4298989898989899,0.15732408777256013,4
8121,2526,False,True,0.5373195037624567,0.4157720223408187,4
9851,2526,False,True,0.428087986463621,0.08654300650075902,4
8639,2526,False,True,0.4723232323232323,0.12701887639513137,4
6403,2223,False,True,0.42458677685950413,0.232626474014577,4
158085,2223,False,True,0.39694189602446484,0.5203809061518057,4
212821,2223,True,False,0.0,0.0056911243245692245,4
10264,2223,False,False,0.6771717171717172,-0.30997521262226746,4
1567,2223,False,True,0.5752753977968176,-0.05467010649892526,4
7841,2223,True,False,0.0,-0.06908813001321329,4
7842,2223,False,False,0.5026422764227643,-0.15218849978391116,4
1634,2223,False,True,0.3377777777777778,0.09472423384972795,4
9764,2223,False,False,0.5375757575757576,0.11185486596594635,4
9765,2223,False,True,0.4686868686868687,-0.4153609882265322,4
8613,2223,False,True,0.6034343434343434,0.2736516703131137,4
7844,2223,False,False,0.359846184982797,0.4495495218887573,4
9768,2223,False,True,0.7171225937183384,-0.1096753092947694,4
10212,2223,False,True,0.7073071443110116,0.11635864640524002,4
9772,2223,False,False,0.6409945421467557,-0.7810551682778417,4
9773,2223,False,True,0.6977777777777778,0.1274545396482432,4
9774,2223,True,False,0.0,0.07670387205297888,4
4531,2223,False,True,0.5901972747610331,-0.11698243989749885,4
158085,2324,False,False,0.6195223260643822,0.24435550218583832,4
1074320,2324,True,False,0.0,-0.023513146676996832,4
212821,2324,False,True,0.7878787878787878,0.03430890978164017,4
10264,2324,False,True,0.6173737373737374,0.344091897911299,4
8348,2324,True,False,0.0,-0.3150659041085464,4
7841,2324,False,True,0.6468686868686868,0.11192980497677246,4
7842,2324,False,False,0.17434343434343436,-0.050897982797118435,4
1634,2324,False,True,0.5164118246687054,0.05184955384710552,4
9764,2324,False,False,0.34363636363636363,0.0021034975956150115,4
8613,2324,False,True,0.5475853707819761,-0.06868634968157816,4
7844,2324,False,False,0.6017244918907821,-0.18656115441804424,4
9765,2324,False,False,0.29474747474747476,0.19706684898964694,4
9768,2324,False,True,0.7135353535353536,-0.46535758966946433,4
9772,2324,False,True,0.5773930753564155,0.046138249424033995,4
9773,2324,False,False,0.8033946251768034,-0.2865258937357242,4
9774,2324,False,False,0.3575246710526316,0.5156702335633164,4
4531,2324,False,False,0.5444376652430344,0.06970514515133569,4
6004,2324,True,False,0.0,-0.22061162233913095,4
158085,2425,False,False,0.46690953248330297,0.532310682501924,4
1074320,2425,False,False,0.381010101010101,0.17978308956612132,4
212821,2425,False,False,0.4082457558609539,-0.10903557271643899,4
10264,2425,False,False,0.4755899104963385,0.07265802933548512,4
8348,2425,False,False,0.7286758732737612,-0.002414573975160955,4
1567,2425,True,False,0.0,-0.41462114046405585,4
1889,2425,True,False,0.0,0.11470656699413351,4
7842,2425,False,False,0.42727272727272725,0.31420796990613076,4
1634,2425,False,True,0.5264646464646464,-0.018907901872069782,4
9764,2425,False,True,0.6388495037472149,-0.29509936516206303,4
7841,2425,False,True,0.4578829288190904,-0.07237761324782377,4
10214,2425,True,False,0.0,-0.02937935126171623,4
7844,2425,False,False,0.6155555555555555,-0.2768872505558174,4
9768,2425,False,True,0.8062626262626262,-0.3546157766739654,4
8613,2425,False,False,0.7002020202020202,0.005256980508110132,4
9772,2425,False,True,0.5646464646464646,-0.18167116594602523,4
9773,2425,False,True,0.6292929292929293,0.2274209066145259,4
6004,2425,False,True,0.37414141414141416,0.30866548644870584,4
188163,2526,True,False,0.0,0.14813649940911644,4
158085,2526,False,True,0.47300613496932514,-0.16292074366483386,4
1074320,2526,False,True,0.20114122681883023,-0.15304379060141288,4
212821,2526,False,True,0.6155555555555555,0.1208216653709494,4
10264,2526,False,False,0.6913131313131313,-0.10045719701705161,4
8348,2526,False,False,0.5545454545454546,0.04083559711988971,5
1567,2526,False,True,0.8436096365863618,0.09100896818111155,5
1889,2526,False,True,0.40606060606060607,-0.061251576513538686,4
1634,2526,False,True,0.6849064279902359,-0.18950276171292074,4
7842,2526,False,True,0.6335353535353535,-0.022900535197953015,4
7844,2526,False,False,0.44686868686868686,0.3985195380881668,4
7841,2526,False,False,0.5959595959595959,-0.01884351232108672,4
10214,2526,False,True,0.4546017333883615,0.0786025310131297,4
9764,2526,False,True,0.3937373737373737,0.1860670805039115,4
9768,2526,False,True,0.6363636363636364,0.20723089287909893,4
9772,2526,False,True,0.45699797160243405,-0.21485648814392844,4
9773,2526,False,False,0.4480808080808081,-0.632816837538507,4
9780,2526,True,False,0.0,0.25240952882060863,4
8640,2223,False,False,0.5224242424242425,-0.5691881212053687,4
6660,2223,True,False,0.0,-0.20410227655579408,4
6601,2223,True,False,0.0,0.8242788336298403,4
8464,2223,False,True,0.5981818181818181,-0.15035201380790997,4
8593,2223,False,False,0.5602020202020203,0.012321176430831637,4
8277,2223,False,True,0.5829460497070115,-0.16945176584413102,4
6422,2223,False,True,0.5052525252525253,-0.22335215636170797,4
6433,2223,False,False,0.376904075751338,0.2150868296079052,4
8674,2223,False,False,0.5315151515151515,-0.06621236442831699,4
8611,2223,False,True,0.7353535353535353,-0.46234671721862763,4
8614,2223,False,True,0.4480808080808081,0.04498110482443318,4
10218,2223,True,False,0.0,0.5444979284315015,4
10219,2223,False,True,0.4723232323232323,0.2491938779545362,4
7788,2223,False,False,0.5866775310653901,-0.0887484372241264,4
10228,2223,False,False,0.6074766355140186,-0.14382327013168658,4
10229,2223,False,True,0.6321212121212121,-0.033461352898065205,4
9908,2223,False,False,0.39535353535353535,0.16466185321834118,4
10235,2223,False,True,0.4288888888888889,0.056016871578345284,4
8640,2324,False,False,0.6163636363636363,-0.31791131561851477,4
6601,2324,False,False,0.5728848114169215,0.6096978840140113,4
6413,2324,True,False,0.0,-0.4204154401193826,5
8464,2324,False,True,0.4575757575757576,0.08330854998159362,5
8593,2324,False,False,0.3563636363636364,0.6648997280735836,4
4116,2324,True,False,0.0,0.3519655352166196,4
8277,2324,False,True,0.5721544715447154,-0.07767292616235733,4
6422,2324,False,False,0.7331313131313131,-0.6552950323449742,5
6433,2324,False,True,0.7562731386260798,-0.16850924140740203,4
8611,2324,False,False,0.6765656565656566,-0.056699400197861904,4
8614,2324,False,False,0.6212121212121212,0.22518409744496498,5
10218,2324,False,True,0.5482099267697315,0.11746984168175822,4
10219,2324,False,False,0.5321212121212121,0.09396863408119822,5
10228,2324,False,True,0.6668700427089689,-0.14375231407922007,4
10229,2324,False,True,0.6266666666666667,0.06740112093187356,4
9908,2324,False,True,0.5519191919191919,0.029884251225887847,5
10235,2324,False,True,0.6786079836233367,0.0520524604782433,4
9791,2324,True,False,0.0,-0.29473519826734323,4
8640,2425,False,True,0.648080808080808,0.11760731030914029,4
6413,2425,False,True,0.5990642799023597,0.009436993761804758,5
8525,2425,True,False,0.0,-0.0015277466586021138,4
8464,2425,False,False,0.6138837543643458,0.11132597642518371,4
8593,2425,False,False,0.4921212121212121,-0.4174327510172887,4
4116,2425,False,False,0.5551914806471432,0.20352807794348762,4
6422,2425,False,True,0.4063200815494393,0.058218516921923015,5
6433,2425,False,False,0.5961616161616161,0.0057870414630410314,5
8674,2425,True,False,0.0,-0.7647489984478508,5
8611,2425,False,True,0.48808080808080806,0.2528419604613371,4
9761,2425,True,False,0.0,0.27788481772636964,5
8614,2425,False,True,0.6478787878787878,-0.3251721232271645,4
10219,2425,False,True,0.562165500205846,0.2863997961659596,4
9908,2425,False,True,0.5042424242424243,-0.20350234096478798,4
10228,2425,False,False,0.501010101010101,0.18956011220490077,4
10229,2425,False,True,0.527060270602706,-0.0687012832193649,5
10235,2425,False,False,0.6262954684007316,0.4822660200482653,4
9791,2425,False,True,0.3238383838383838,-0.09324065194783449,4
8640,2526,False,True,0.5056565656565657,-0.11449492365171193,4
6601,2526,True,False,0.0,0.5477861992975038,4
6413,2526,False,False,0.4985602632661456,0.2689222308495522,4
6414,2526,True,False,0.0,-0.09123724515662066,5
8464,2526,False,False,0.6781818181818182,-0.18115231248179545,4
8593,2526,False,False,0.5496969696969697,-0.3629078884903336,5
6422,2526,False,True,0.5155555555555555,0.2746479657622189,4
6433,2526,False,False,0.7728937728937729,0.17055828796224748,4
8674,2526,False,True,0.7383838383838384,0.009967784116879291,4
8611,2526,False,True,0.44363636363636366,0.1342233486335525,4
9761,2526,False,True,0.4896959804121608,-0.19503510062342497,4
8614,2526,False,True,0.5632511713179874,0.028910540165311,4
10218,2526,True,False,0.0,0.07492189239123964,4
10228,2526,False,True,0.5273722627737226,-0.15394788389297748,5
10229,2526,False,True,0.7676767676767676,-0.37547568297180695,4
9908,2526,False,True,0.6808080808080809,-0.16626973991048422,4
10235,2526,False,True,0.3912955053894651,-0.016247318162890795,4
9791,2526,False,False,0.6772009029345373,0.23908248043881936,5
