tid,R
8263,1960.6794476908556
8256,2003.1383695283187
6723,2128.557366063386
6720,2212.5955757651755
6708,1984.631658309187
8361,2053.1679402756263
8258,1946.6998397137475
6706,2050.947392719523
8204,1960.077288624594
5796,1869.2289366169148
8570,2012.1474870508803
8491,2051.76113685875
10155,1866.8402944952757
6710,1870.6403111252203
6717,1921.3463821975236
8238,1851.227907700606
5798,1711.4301160438083
8520,1795.2152439949905
6718,1652.115093115814
5800,1720.5340410386093
9762,1708.657698051747
8205,1636.1383145772531
8713,1754.056041220106
8568,1723.654434004194
5790,1626.2865762533597
6595,1770.6959724255016
7804,1743.232384007472
6395,1844.1389604236795
6715,1879.9312076368071
6317,1753.038106970913
8255,1807.97577055128
6711,1669.2599511836252
6724,1817.8906417075455
8496,1671.8137457670834
8497,1641.1959812575615
5791,1698.8552754181505
6707,1861.1330204464673
8492,1944.776765518018
6713,1841.468894963665
6716,1706.1977365177709
6346,1681.9947461563752
9730,1550.2248972399698
10106,1668.799476420045
10259,1652.5914503381907
8536,1638.608788518366
5902,1473.4382777517806
6262,1909.7077841780228
6705,1554.3006785356285
7871,1562.6392340496013
8498,1696.2736925333832
6714,1557.3877227422056
5808,1565.8956268357963
5819,1539.9890903347978
6719,1535.7973180364627
8565,1695.891330632858
6709,1798.4963386335287
6383,1814.6298318576173
5810,1753.7368409817736
5797,1619.4696479286367
5787,1662.2244881920587
10255,1730.6397836543197
5806,1542.2993645165727
8700,1602.4281497540162
6629,1585.839934867367
10150,1405.5916347199707
430156,1667.1036722116414
5934,1484.0787412782804
7795,1565.9370198961617
8268,1652.2200484322211
8260,1483.914517367285
8567,1584.0035099757602
5901,1367.0955868575077
5815,1629.480187464123
6316,1627.6317365907662
10024,1578.9419550246805
6323,1535.057321114782
49437,1509.1192208362704
5890,1481.7120827974902
5922,1541.3572912394359
5824,1452.9780391278427
6321,1693.4843262813934
5858,1514.0720644383962
10057,1398.6332684275708
6327,1383.7662137782359
5820,1494.5663472814774
6320,1402.6557154350128
5816,1526.6793892194
6328,1373.7468424981598
5822,1368.9727741533652
5883,1444.641476491587
5889,1472.903925095328
5789,1558.520263385703
6583,1371.7005257226335
5859,1387.4088961210664
8261,1350.1851759110878
6277,1437.8451907869378
6289,1445.3649226375614
5809,1380.661353565379
5821,1288.8610071398457
287981,1371.3476014903983
5894,1270.9556710512115
6290,1391.6911140178024
5897,1351.112192280755
5888,1520.6163421944705
5793,1394.6992636773969
5801,1178.989270458045
6333,1472.527124394997
68374,1376.4955165802548
6330,1357.4312873071706
5884,1342.6339158915962
8566,1353.2820343953701
8265,1341.6562231586213
5788,1387.5187729533839
230693,1192.1043384065886
7724,1399.6075823342271
6020,1310.2096943159022
6712,1505.2753269933662
5965,1417.7510600957887
5792,1418.2133517923262
5979,1473.5526807808415
5803,1295.5505760188494
5804,1287.45501075032
8254,1342.9417705822907
5802,1296.532765309036
7740,1358.23492812888
127411,1399.5670291795866
5943,1231.3504667170598
7941,1337.1193407039925
8323,1346.9658043710847
5887,1284.6748286274867
4167,1246.8274446144226
230700,1370.1249978943133
121282,1259.2513418990827
5893,1316.9540985663878
5900,1206.4197819615936
5857,1197.2362966555286
5805,1335.6271059395672
101595,1224.7641934709109
5885,1389.010620151048
5795,1270.071598441542
121281,1381.4460444842962
5794,1304.6736341162593
5898,1292.9456586279964
5925,1202.390232973979
8269,1400.6929533462953
6222,1204.446998420779
6548,1172.0018586398612
4432,1068.8979471305388
5757,1260.0291488067703
5892,1184.2060207295076
5823,1215.6777504077502
5924,1105.0521556930826
5927,1176.903624807453
6329,1171.4421854437048
230692,1419.6798649739212
5807,1287.5702802427109
262134,1208.892248308973
5923,1160.1726267019633
6322,1082.7410356375478
5926,1159.7640436485083
8495,1325.652224452886
121284,1284.4805648349704
5825,1120.631535872124
6319,1153.2317668844753
6101,1109.1518746844783
230139,1098.4194508208702
287876,1104.1309371496907
6011,1193.0665575975518
5799,939.1347997072888
95796,1091.881496082534
127409,1016.947188730975
4433,1074.804911169171
6324,1372.9921993714502
10045,1190.478370630272
5886,1017.3809842492041
287979,1011.6540145864649
507764,1044.579901751379
408231,1115.167853750642
8307,992.8619444526652
127408,1027.6904310436278
5750,999.1411503454216
287980,1024.5040159255911
5756,1064.3762294181242
929188,896.8543273033347
5899,883.7417869660616
5896,956.1234793855053
95799,957.4932318169552
287978,896.9331573389554
287982,912.5132930878963
121274,838.1775417928409
73596,839.7139560315117
121285,910.9481708625015
262131,950.3972827601746
5910,919.1653307216602
262133,875.1081029291164
929189,897.4037500760144
6332,833.7815670910641
95797,895.1029621982346
6035,850.3857753346626
262137,776.4115031511236
929190,795.6588842405081
95798,758.1430121985741
95971,724.7384294015942
262136,724.4732370157525
4175,698.7840557203989
5891,686.9874629054526
287880,702.0963751925468
5895,777.3674477816364
95801,619.658492178375
178671,644.5960310364028
262135,654.3800434446994
95800,606.3092172988503
262132,597.2317617351807
287879,1423.4072039704197
