comp,utc,home,away,hid,aid,νεκρη,R_home,R_away,val_adj,xg_h_D,xg_a_D,xg_h_A_D,xg_a_A_D,xg_h_AV_D,xg_a_AV_D,val_src,V_h,V_a,Vh_raw,Va_raw,diff,xg_h,xg_a,P1,PX,P2,fair_1,fair_X,fair_2,fair_line,fair_m05,fair_p05,diff_A,xg_h_A,xg_a_A,P1_A,PX_A,P2_A,R_home_A,R_away_A,diff_AV,xg_h_AV,xg_a_AV,P1_AV,PX_AV,P2_AV
NL A,2026-10-05T18:45,France,Belgium,6723,8263,,2029,1905,61,2.276,1.229,2.092,0.946,2.229,1.008,αποστολη/αποστολη,970.4,330.0,970402363,330021830,245,2.35,1.15,63,24,12,1.58,4.09,8.17,-1.00 @1.92,1.6,1.2,228,2.07,0.97,60,26,14,2130,1962,288,2.32,0.92,68,22,10
NL A,2026-10-05T18:45,Italy,Turkiye,8204,6595,,1884,1788,64,2.117,1.175,2.105,0.835,2.245,0.906,αποστολη/αποστολη,537.8,171.7,537768124,171740640,220,2.18,1.11,60,26,14,1.66,3.83,7.3,-1.00 @2.05,1.66,1.22,252,2.08,0.86,64,24,12,1964,1772,316,2.34,0.81,71,20,9
NL B,2026-10-05T18:45,Bosnia and Herzegovina,Poland,10106,8568,,1631,1710,-50,1.167,1.46,1.236,1.206,1.191,1.377,αποστολη/αποστολη,69.1,167.7,69083716,167705689,-69,1.15,1.48,25,33,42,4.03,3.03,2.37,+0.25 @1.77,3.52,1.77,6,1.24,1.21,32,34,33,1666,1720,-44,1.18,1.39,27,34,39
NL B,2026-10-05T18:45,Northern Ireland,Georgia,10259,8268,,1653,1621,-50,1.342,1.163,1.444,1.139,1.231,1.187,αποστολη/αποστολη,83.3,203.5,83327397,203507496,42,1.36,1.15,37,34,29,2.69,2.95,3.46,+0.00 @1.77,2.5,1.44,61,1.44,1.14,39,34,27,1653,1653,10,1.23,1.18,33,34,33
NL B,2026-10-05T18:45,Romania,Sweden,9730,8520,,1580,1732,-83,0.863,1.609,0.799,1.715,0.832,1.956,αποστολη/αποστολη,63.2,278.3,63165651,278320883,-175,0.81,1.66,16,28,56,6.31,3.56,1.78,+0.25 @2.27,5.7,2.27,-182,0.82,1.7,15,28,57,1552,1794,-265,0.75,2.04,10,22,67
NL B,2026-10-05T18:45,Ukraine,Hungary,6718,8565,,1728,1747,-13,1.339,1.22,1.269,1.188,1.214,1.201,αποστολη/αποστολη,123.2,154.6,123150423,154641810,28,1.35,1.21,35,34,31,2.83,2.93,3.28,+0.00 @1.84,2.59,1.48,16,1.27,1.19,34,34,32,1652,1696,3,1.22,1.2,32,34,34
NL C,2026-10-05T18:45,Montenegro,Armenia,49437,6583,,1531,1433,37,1.846,1.011,1.916,0.911,1.977,0.974,αποστολη/αποστολη,63.2,32.5,63218790,32549783,195,1.91,0.95,57,28,15,1.75,3.62,6.52,-1.00 @2.22,1.72,1.22,200,1.9,0.93,57,28,15,1509,1369,237,2.05,0.9,62,25,13
NL C,2026-10-06T14:00,Kazakhstan,Faroe Islands,8265,8269,,1390,1404,63,1.477,1.01,1.055,1.05,1.293,1.021,κληση/κληση,9.6,3.1,9647346,3128691,109,1.51,0.98,46,32,22,2.19,3.12,4.51,-0.75 @2.08,2.08,1.31,1,1.06,1.05,32,34,34,1342,1401,64,1.31,1.0,39,34,27
NL A,2026-10-06T18:45,Croatia,Spain,10155,6720,,1799,2150,-64,0.934,2.452,0.842,2.564,0.949,2.669,κληση/κληση,329.1,1031.6,329139747,1031561494,-355,0.83,2.56,7,16,77,14.78,6.09,1.3,+1.50 @2.09,10.34,3.75,-342,0.88,2.53,7,17,76,1837,2239,-406,0.83,2.79,5,13,81
NL A,2026-10-06T18:45,England,Czechia,8491,8496,,2006,1694,112,2.88,0.808,3.102,0.626,3.329,0.77,κληση/κληση−FotMob,960.8,129.5,960780096,129465277,484,3.03,0.66,86,10,4,1.16,9.73,26.43,-1.50 @1.54,1.21,1.05,492,3.05,0.67,86,10,4,2081,1649,604,3.51,0.59,92,6,2
NL B,2026-10-06T18:45,Scotland,Slovenia,8498,5787,,1721,1665,37,1.789,1.137,1.756,1.101,1.844,1.135,κληση/κληση,143.0,73.8,143004269,73814989,152,1.83,1.09,51,30,19,1.95,3.32,5.4,-0.75 @1.88,1.88,1.28,130,1.74,1.11,48,31,21,1732,1662,167,1.89,1.08,53,30,18
NL B,2026-10-06T18:45,Switzerland,North Macedonia,6717,8260,,1896,1508,123,3.136,0.692,3.145,0.508,3.401,0.659,κληση/κληση,231.9,25.7,231934081,25662254,571,3.31,0.52,91,7,2,1.1,14.41,41.27,-1.50 @1.37,1.13,1.03,524,3.09,0.56,88,9,3,1916,1453,647,3.6,0.46,93,5,2
NL C,2026-10-06T18:45,Albania,San Marino,10024,6035,,1591,904,199,4.327,0.282,4.031,0.15,4.463,0.265,κληση/κληση,71.4,2.1,71397267,2067193,946,4.61,0.15,99,1,0,1.01,93.68,291.88,-1.50 @1.08,1.02,1.0,792,3.95,0.15,97,2,1,1583,851,991,4.76,0.15,99,1,0
NL C,2026-10-06T18:45,Belarus,Finland,10057,7871,,1513,1564,-56,1.111,1.313,0.773,1.274,0.786,1.444,κληση/κληση−FotMob,10.7,28.9,10696968,28906136,-47,1.1,1.33,27,34,39,3.71,2.98,2.53,+0.25 @1.68,3.36,1.68,-100,0.78,1.26,22,32,47,1399,1558,-155,0.74,1.49,17,29,54
NL C,2026-10-06T18:45,Estonia,Iceland,8261,8536,,1425,1650,-132,0.744,2.014,0.688,1.73,0.708,2.145,κληση−FotMob/κληση+11αδα−FotMob,7.6,80.6,7637628,80633036,-297,0.65,2.1,9,20,71,11.14,4.97,1.41,+1.50 @1.82,9.93,3.27,-207,0.71,1.71,14,26,60,1361,1628,-339,0.61,2.25,7,17,75
NL C,2026-10-06T18:45,Luxembourg,Bulgaria,5792,10150,,1444,1456,-76,1.077,1.194,1.285,1.027,1.06,1.164,κληση−FotMob/κληση+11αδα−FotMob,6.2,24.0,6208595,24011607,-27,1.07,1.2,29,34,37,3.44,2.94,2.7,+0.00 @2.21,3.2,1.6,51,1.28,1.03,38,34,28,1408,1417,-25,1.05,1.17,29,34,37
NL C,2026-10-06T18:45,Moldova,Slovakia,5794,8497,,1334,1644,-157,0.666,2.405,0.618,2.005,0.655,2.485,κληση/κληση+11αδα−FotMob,6.9,113.0,6931654,113041127,-407,0.54,2.53,5,13,81,19.09,7.43,1.23,+1.50 @2.36,17.13,4.79,-275,0.65,1.98,10,21,69,1307,1642,-432,0.52,2.62,5,12,83
