comp,utc,ματς,diff,λ,p1X2,diff_A,λ_A,p1X2_A,diff_AV,λ_AV,p1X2_AV,απουσιες_κλησης,Crown
NL A,2026-10-05T18:45,France - Belgium,245,2.35-1.15,63/24/12,228,2.07-0.97,61/26/14,288,2.32-0.92,68/22/10,"France: Kylian Mbappe(120.7M, χειρ.), William Saliba(82.1M) | Belgium: Matias Fernandez-Pardo(38.6M, εκτος αποστολης στο προηγουμενο — δεν αφαιρειται), Diego Moreira(26.5M, εκτος αποστολης στο προηγουμενο — δεν αφαιρειται)",—
NL A,2026-10-05T18:45,Italy - Turkiye,211,2.15-1.11,59/27/14,249,2.07-0.86,63/25/12,313,2.33-0.81,71/20/9,"Italy: Federico Dimarco(37.1M), Honest Ahanor(34.3M) | Turkiye: Aral Şimşir(9.6M, εκτος αποστολης στο προηγουμενο — δεν αφαιρειται), Arda Guler(108.6M, χειρ.)",—
NL B,2026-10-05T18:45,Bosnia and Herzegovina - Poland,-62,1.15-1.46,25/33/41,5,1.23-1.21,32/34/33,-45,1.18-1.39,27/34/39,"Bosnia and Herzegovina: Benjamin Tahirović(4.0M, εκτος αποστολης στο προηγουμενο — δεν αφαιρειται), Amar Dedić(13.6M) | Poland: Jakub Kamiński(18.1M, εκτος αποστολης στο προηγουμενο — δεν αφαιρειται)",—
NL B,2026-10-05T18:45,Northern Ireland - Georgia,43,1.36-1.15,37/34/29,60,1.44-1.14,39/34/27,10,1.23-1.18,33/34/33,"Northern Ireland: Daniel Ballard(25.3M, εκτος αποστολης στο προηγουμενο — δεν αφαιρειται), Ethan Galbraith(2.2M, εκτος αποστολης στο προηγουμενο — δεν αφαιρειται)",—
NL B,2026-10-05T18:45,Romania - Sweden,-179,0.81-1.68,16/28/57,-185,0.81-1.71,15/27/58,-268,0.75-2.05,10/22/68,"Romania: Louis Munteanu(6.1M) | Sweden: Yasin Ayari(35.9M, εκτος αποστολης στο προηγουμενο — δεν αφαιρειται), Benjamin Nygren(13.8M, εκτος αποστολης στο προηγουμενο — δεν αφαιρειται)",—
NL B,2026-10-05T18:45,Ukraine - Hungary,30,1.36-1.21,36/34/30,16,1.27-1.19,34/34/32,3,1.22-1.20,32/34/34,"Ukraine: Vitaliy Mykolenko(28.8M, εκτος αποστολης στο προηγουμενο — δεν αφαιρειται), Vladyslav Vanat(14.3M, εκτος αποστολης στο προηγουμενο — δεν αφαιρειται) | Hungary: Damir Redzic(3.6M, εκτος αποστολης στο προηγουμενο — δεν αφαιρειται), Callum Styles(2.4M, εκτος αποστολης στο προηγουμενο — δεν αφαιρειται)",—
NL C,2026-10-05T18:45,Montenegro - Armenia,195,1.90-0.95,57/28/15,197,1.89-0.93,57/28/16,235,2.04-0.90,61/26/13,"Montenegro: Milan Vukotić(2.5M, εκτος αποστολης στο προηγουμενο — δεν αφαιρειται), Sead Hakšabanović(1.9M, εκτος αποστολης στο προηγουμενο — δεν αφαιρειται) | Armenia: Ognjen Čančarević(0.1M, εκτος αποστολης στο προηγουμενο — δεν αφαιρειται)",—
NL C,2026-10-06T14:00,Kazakhstan - Faroe Islands,108,1.51-0.98,46/32/22,1,1.05-1.05,32/34/34,64,1.31-1.00,39/34/27,"Kazakhstan: Maxim Samorodov(3.5M, εκτος αποστολης στο προηγουμενο — δεν αφαιρειται), Islam Chesnokov(1.0M, εκτος αποστολης στο προηγουμενο — δεν αφαιρειται) | Faroe Islands: Andrias Edmundsson(1.9M)",—
NL A,2026-10-06T18:45,Croatia - Spain,-351,0.83-2.54,7/17/76,-341,0.88-2.53,7/17/75,-405,0.83-2.79,5/14/81,"Croatia: Lovro Majer(13.3M, εκτος αποστολης στο προηγουμενο — δεν αφαιρειται) | Spain: Pau Cubarsí(186.0M, εκτος αποστολης στο προηγουμενο — δεν αφαιρειται)",—
NL A,2026-10-06T18:45,England - Czechia,491,3.05-0.66,86/10/4,495,3.07-0.67,86/10/4,607,3.52-0.58,92/6/2,"England: Declan Rice(93.0M), Cole Palmer(91.9M) | Czechia: Pavel Šulc(20.2M, εκτος αποστολης στο προηγουμενο — δεν αφαιρειται), Adam Karabec(6.3M, εκτος αποστολης στο προηγουμενο — δεν αφαιρειται)",—
NL B,2026-10-06T18:45,Scotland - Slovenia,147,1.81-1.09,51/30/19,125,1.72-1.12,47/32/21,162,1.87-1.09,52/30/18,"Scotland: Kieran Tierney(7.0M, εκτος αποστολης στο προηγουμενο — δεν αφαιρειται), Scott McTominay(32.8M) | Slovenia: Benjamin Sesko(56.2M, χειρ.)",—
NL B,2026-10-06T18:45,Switzerland - North Macedonia,572,3.31-0.52,91/7/2,528,3.11-0.56,88/9/3,652,3.61-0.46,93/5/2,"Switzerland: Albian Hajdari(26.2M), Denis Zakaria(19.2M) | North Macedonia: Gjoko Zajkov(0.5M, εκτος αποστολης στο προηγουμενο — δεν αφαιρειται)",—
NL C,2026-10-06T18:45,Albania - San Marino,943,4.60-0.15,99/1/0,789,3.94-0.15,97/3/1,987,4.75-0.15,99/1/0,"Albania: Luis Hasa(4.0M, εκτος αποστολης στο προηγουμενο — δεν αφαιρειται), Armando Broja(9.4M) | San Marino: Matteo Zavoli(0.1M, εκτος αποστολης στο προηγουμενο — δεν αφαιρειται)",—
NL C,2026-10-06T18:45,Belarus - Finland,-52,1.09-1.35,26/33/40,-104,0.78-1.28,21/32/47,-160,0.74-1.51,17/29/54,"Belarus: Dmitriy Prishchepa(0.8M), Ruslan Myalkovskiy(0.8M) | Finland: Ville Koski(1.5M, εκτος αποστολης στο προηγουμενο — δεν αφαιρειται), Oliver Antman(2.6M)",—
NL C,2026-10-06T18:45,Estonia - Iceland,-293,0.66-2.09,9/20/71,-207,0.71-1.71,14/26/60,-339,0.61-2.25,7/17/75,"Estonia: Rocco Shein(1.9M), Karl Hein(1.8M) | Iceland: Kristian Hlynsson(7.9M, εκτος αποστολης στο προηγουμενο — δεν αφαιρειται), Elías Ólafsson(2.3M, εκτος αποστολης στο προηγουμενο — δεν αφαιρειται)",—
NL C,2026-10-06T18:45,Luxembourg - Bulgaria,-29,1.07-1.21,29/34/37,51,1.28-1.03,38/34/28,-25,1.05-1.17,29/34/37,"Luxembourg: Danel Sinani(1.9M, εκτος αποστολης στο προηγουμενο — δεν αφαιρειται), Olivier Thill(0.3M, εκτος αποστολης στο προηγουμενο — δεν αφαιρειται) | Bulgaria: Borislav Tsonev(1.0M, εκτος αποστολης στο προηγουμενο — δεν αφαιρειται)",—
NL C,2026-10-06T18:45,Moldova - Slovakia,-412,0.54-2.55,5/13/82,-277,0.64-1.98,10/21/69,-433,0.52-2.62,5/12/83,"Moldova: Cristian Dros(0.4M, εκτος αποστολης στο προηγουμενο — δεν αφαιρειται), Ion Nicolăescu(0.9M) | Slovakia: Adam Obert(9.2M, εκτος αποστολης στο προηγουμενο — δεν αφαιρειται), Lászlo Bénes(1.7M, εκτος αποστολης στο προηγουμενο — δεν αφαιρειται)",—
