,R,name,last_match
6720,2147.0660970558133,Spain,2026-09-29 18:45:00
6706,2079.9726345586305,Argentina,2026-10-01 00:00:00
6723,2039.8629564051703,France,2026-09-28 18:45:00
8256,1993.2948070829302,Brazil,2026-09-29 10:00:00
8491,1979.7727230433813,England,2026-09-29 18:45:00
8258,1958.9183646433266,Colombia,2026-09-27 01:00:00
8361,1949.7271978429335,Portugal,2026-09-27 18:45:00
8570,1912.2336928278978,Germany,2026-10-01 18:45:00
6708,1905.7662702342477,Netherlands,2026-09-27 16:00:00
8263,1901.4012836597121,Belgium,2026-09-28 18:45:00
6717,1900.8282586858707,Switzerland,2026-09-29 18:45:00
8204,1865.5797429473323,Italy,2026-09-28 18:45:00
8492,1864.9534250851045,Norway,2026-10-01 18:45:00
6262,1858.625004940156,Morocco,2026-09-29 13:00:00
5796,1857.269071280456,Uruguay,2026-09-28 11:00:00
6707,1856.9963707033048,Ecuador,2026-10-01 10:10:00
8238,1852.151886638149,Denmark,2026-09-27 16:00:00
6715,1849.2612167286466,Japan,2026-10-01 10:10:00
6710,1829.2503576236634,Mexico,2026-09-30 01:00:00
10155,1827.5607353734304,Croatia,2026-09-29 18:45:00
6724,1812.3860859946058,Paraguay,2026-09-27 20:30:00
8255,1806.7106517502848,Austria,2026-09-27 16:00:00
6595,1792.1781215378792,Turkiye,2026-09-28 18:45:00
6395,1781.45745169346,Senegal,2026-09-29 13:00:00
6718,1764.4037856576292,Ukraine,2026-09-28 16:00:00
8713,1762.6112064482352,Russia,2026-09-29 16:05:00
7804,1760.575934142553,South Korea,2026-09-28 11:00:00
5810,1759.1123511112007,Canada,2026-09-26 23:00:00
6713,1756.475577784692,USA,2026-09-30 00:00:00
6383,1749.9483919178324,Greece,2026-09-27 18:45:00
6716,1749.8577761441318,Australia,2026-09-29 10:00:00
6709,1744.822466673799,Ivory Coast,2026-09-29 19:00:00
8565,1738.0498120222899,Hungary,2026-09-28 18:45:00
6711,1729.2585725798008,Iran,2026-09-29 16:05:00
8520,1728.1200443387368,Sweden,2026-09-28 18:45:00
5800,1721.3946320343334,Venezuela,2026-09-28 10:25:00
6317,1720.3131332253356,Algeria,2026-09-29 13:00:00
10255,1717.7004915825821,Egypt,2026-09-29 13:00:00
9762,1713.4153144956708,Chile,2026-09-30 00:00:00
5798,1709.3567758839802,Peru,2026-09-30 01:00:00
6321,1703.3440211947645,DR Congo,2026-09-28 16:00:00
8568,1700.7710941374364,Poland,2026-09-28 18:45:00
8498,1697.110522029722,Scotland,2026-09-29 18:45:00
5791,1690.7446268632862,Ireland,2026-09-27 18:45:00
6346,1689.3821179578372,Nigeria,2026-09-29 16:00:00
8496,1689.338703689969,Czechia,2026-09-29 18:45:00
5790,1673.7765866500308,Wales,2026-10-01 18:45:00
430156,1669.071060842425,Kosovo,2026-09-27 16:00:00
5787,1662.8716123559986,Slovenia,2026-09-29 18:45:00
8205,1658.2651275731312,Serbia,2026-10-01 18:45:00
8700,1658.0557001221978,Uzbekistan,2026-10-01 14:00:00
8497,1653.6611687223908,Slovakia,2026-09-29 18:45:00
10106,1646.8611677342901,Bosnia and Herzegovina,2026-09-28 18:45:00
8536,1646.4223443903165,Iceland,2026-09-29 18:45:00
5815,1629.422811887751,Mali,2026-09-29 19:00:00
8268,1626.716007421782,Georgia,2026-09-28 16:00:00
5922,1618.2525406144016,Panama,2026-10-01 06:10:00
10259,1616.465732988027,Northern Ireland,2026-09-28 18:45:00
8567,1599.5269870812401,Israel,2026-09-27 18:45:00
6316,1596.9053870531393,South Africa,2026-09-30 16:00:00
5797,1596.6595337408396,Bolivia,2026-10-01 00:00:00
5819,1593.6909750933291,Iraq,2026-06-26 19:00:00
10024,1592.081524257025,Albania,2026-09-29 18:45:00
9730,1591.1849915540595,Romania,2026-09-28 18:45:00
6629,1584.4506788076715,Cameroon,2026-09-29 19:00:00
5816,1573.948027195792,Jordan,2026-09-27 17:00:00
5808,1572.72405434996,Honduras,2026-06-07 00:00:00
6705,1570.0161747000343,Costa Rica,2026-06-10 21:00:00
7871,1565.8431957291473,Finland,2026-09-29 16:00:00
7795,1560.1377998043727,Saudi Arabia,2026-06-27 00:00:00
5789,1559.6930530573557,UAE,2025-11-18 16:00:00
5806,1550.9679709954003,Jamaica,2026-06-06 21:00:00
6719,1543.4250058908772,Tunisia,2026-09-28 19:00:00
6323,1539.2104188196872,Burkina Faso,2026-09-28 16:00:00
5888,1538.8717118777033,Cape Verde,2026-09-29 16:00:00
8260,1528.4654648146695,North Macedonia,2026-09-29 18:45:00
10057,1522.5807670337285,Belarus,2026-09-29 16:00:00
49437,1521.0474450715903,Montenegro,2026-09-28 16:00:00
5820,1518.216832755232,New Zealand,2026-10-01 06:10:00
6712,1504.8860874999145,Angola,2026-09-25 19:00:00
5902,1503.8606898702878,Qatar,2026-06-24 19:00:00
5934,1503.4417468376696,Haiti,2026-06-24 22:00:00
6714,1500.3554492693515,Ghana,2026-09-29 16:00:00
5858,1490.7965829412929,Guatemala,2026-06-07 20:15:00
5979,1490.1535906488216,Gambia,2026-09-29 16:00:00
5889,1470.5506718379372,Gabon,2026-09-29 19:00:00
6333,1467.2429719944357,Palestine,2026-09-28 12:00:00
5824,1460.4224125386825,Oman,2026-06-07 13:00:00
10150,1459.989430500246,Bulgaria,2026-09-29 18:45:00
5883,1457.3383915653076,Benin,2026-09-29 19:00:00
5890,1455.7399066845906,Uganda,2026-09-29 16:00:00
5792,1455.6211465054805,Luxembourg,2026-09-29 18:45:00
6289,1455.5398947233116,Guinea,2026-10-01 16:00:00
287981,1452.6285268336137,Curacao,2026-06-25 20:00:00
6277,1441.4455085936265,Zambia,2026-09-29 16:00:00
6583,1438.8320098709798,Armenia,2026-09-28 16:00:00
5965,1424.506839586429,Mozambique,2026-09-30 14:00:00
287879,1423.2126152536391,American Samoa,2026-03-28 20:00:00
8261,1416.1570841488515,Estonia,2026-09-29 18:45:00
6320,1415.5886882660272,Syria,2026-10-01 14:00:00
127411,1412.9153514354032,Suriname,2025-11-19 01:00:00
230692,1409.97279512718,Comoros,2026-09-29 12:00:00
8265,1406.0364033557137,Kazakhstan,2026-09-29 18:45:00
5822,1394.040721908148,China,2026-09-27 11:35:00
8269,1393.9042063449037,Faroe Islands,2026-09-29 16:00:00
5859,1393.5088407170783,Martinique,2026-03-29 19:00:00
7724,1393.1939787845067,Trinidad and Tobago,2026-06-09 17:00:00
6290,1391.999639002669,Zimbabwe,2026-09-28 16:00:00
5788,1390.0299970195292,Thailand,2026-06-09 11:35:00
121281,1388.952389062026,Niger,2026-09-29 19:00:00
8566,1387.4672225206323,Azerbaijan,2026-10-01 16:00:00
5809,1383.4818291620954,Madagascar,2026-09-29 14:00:00
6324,1381.654993852159,Indonesia,2026-06-09 13:00:00
68374,1378.5148203986093,Mauritania,2026-09-29 19:00:00
6327,1377.1148100830956,El Salvador,2026-06-06 20:00:00
5793,1375.6269464370848,Cyprus,2026-09-28 16:00:00
6330,1373.029101023875,North Korea,2025-06-10 16:00:00
5901,1368.3873599407684,Bahrain,2026-06-05 16:00:00
5885,1367.8595767402876,Rwanda,2026-09-29 16:00:00
230700,1366.8066289700907,Guinea-Bissau,2026-09-29 16:00:00
6328,1364.2245300755892,Libya,2026-09-29 16:00:00
7740,1359.8963862209098,Togo,2026-09-29 16:00:00
8254,1359.2164620174487,Lithuania,2026-09-30 16:00:00
5897,1356.9624609078123,Lebanon,2026-10-01 14:00:00
8495,1351.4282383072282,Malta,2026-10-01 18:45:00
8323,1348.0427600172197,Equatorial Guinea,2026-09-28 16:00:00
5805,1346.447881888385,Sudan,2026-09-29 13:00:00
7941,1343.479524602226,Tanzania,2026-09-29 14:00:00
5884,1338.2382073770302,Kenya,2026-10-01 16:00:00
5795,1326.7249631323732,Latvia,2026-09-28 16:00:00
5893,1323.1181628569304,Kyrgyzstan,2026-09-28 14:00:00
6020,1313.9935035079031,Malawi,2026-09-25 16:00:00
5802,1312.6647804428308,Namibia,2026-09-29 12:00:00
5794,1310.7826511645671,Moldova,2026-09-29 16:00:00
5803,1304.0931507418106,Sierra Leone,2026-09-28 16:00:00
121284,1302.607485968402,Burundi,2026-09-29 13:00:00
5898,1299.661087267575,Tajikistan,2026-09-28 12:00:00
5821,1289.1549406000775,Kuwait,2026-09-18 16:30:00
5804,1285.319596390104,Liberia,2026-09-29 19:00:00
5807,1283.4205392370552,Nicaragua,2026-06-05 22:45:00
5887,1276.7639823799818,Botswana,2026-09-30 14:00:00
5894,1272.0719382704328,Vietnam,2026-07-18 12:00:00
121282,1271.38652266898,Ethiopia,2026-09-29 13:00:00
5757,1262.2746149825998,Guadeloupe,2025-06-24 23:00:00
4167,1246.233660637866,Lesotho,2026-09-29 13:00:00
5943,1226.8029929114955,Bermuda,2026-06-06 20:00:00
101595,1224.8498866551543,New Caledonia,2026-09-30 07:00:00
262134,1218.5292821322203,Dominican Republic,2026-06-04 00:45:00
5823,1216.7411895982714,Malaysia,2025-09-08 13:00:00
6222,1209.0920579861013,Guyana,2026-03-30 20:30:00
230693,1201.6029957927608,Central African Republic,2026-09-28 16:00:00
5857,1197.6378542335824,Cuba,2026-03-29 22:00:00
5925,1195.5517099575218,Fiji,2026-09-30 07:00:00
5801,1193.1126047819644,Congo,2026-09-29 19:00:00
5892,1192.860664342645,Yemen,2026-09-18 16:30:00
6548,1178.715221405158,Grenada,2026-05-16 16:00:00
5927,1176.903624807453,Tahiti,2026-10-01 02:00:00
6329,1174.436904835606,India,2026-09-25 14:00:00
5926,1167.0700077596732,Vanuatu,2026-09-27 04:00:00
5923,1162.0246702303264,Saint Vincent and The Grenadines,2026-03-29 20:00:00
6011,1160.9443012191678,Eritrea,2026-09-30 16:00:00
6319,1155.4971567809696,Solomon Islands,2026-09-30 04:00:00
408231,1154.0626762851355,South Sudan,2026-09-29 13:00:00
10045,1150.9653876511281,Andorra,2026-09-30 16:00:00
5825,1121.4521612588198,Singapore,2026-06-05 11:30:00
6101,1110.0960973213057,Antigua and Barbuda,2025-06-11 02:00:00
5924,1107.2577060761641,St. Kitts and Nevis,2026-03-30 09:50:00
287876,1104.1417843164868,Papua New Guinea,2026-09-30 04:00:00
95796,1101.5892859742314,Afghanistan,2026-06-10 16:00:00
230139,1099.0795160299472,Philippines,2026-06-09 11:30:00
6322,1086.1905134557796,Hong Kong,2026-06-09 12:00:00
507764,1084.113620259278,Gibraltar,2026-10-01 18:45:00
4433,1083.8688170990956,Eswatini,2026-03-31 14:00:00
4432,1079.0062371623394,Chad,2026-03-31 13:00:00
5756,1066.5555575707983,Puerto Rico,2026-06-05 23:00:00
127408,1031.3768063090101,Saint Lucia,2026-03-27 15:00:00
287979,1029.2875044785005,Sao Tome and Principe,2026-09-23 16:00:00
287980,1017.4928872591805,Dominica,2026-09-21 15:00:00
5886,1016.8541896320463,Barbados,2026-03-29 20:00:00
127409,1012.958525747215,Belize,2026-03-30 20:30:00
8307,989.3845000878049,Myanmar,2026-07-18 12:00:00
5750,982.7897788948608,Mauritius,2026-03-31 15:00:00
5799,978.9167836367953,Liechtenstein,2026-10-01 16:00:00
95799,959.4228606349068,Nepal,2025-11-13 14:00:00
262131,955.6911596878421,Aruba,2026-06-07 00:00:00
5896,952.3230684853289,Chinese Taipei,2025-09-05 13:30:00
121285,918.810974978119,Djibouti,2026-03-29 13:00:00
5910,918.2807609247479,Pakistan,2026-06-10 16:00:00
287978,913.3637686479202,Somalia,2026-09-29 19:00:00
287982,912.8159797769728,Cayman Islands,2026-06-06 17:00:00
929189,897.3888767611215,Saint Martin,2026-03-30 00:30:00
929188,897.0246649635397,Bonaire,2026-06-06 17:00:00
95797,895.0999488193265,Bangladesh,2026-06-05 17:00:00
6035,894.1288812108565,San Marino,2026-09-29 18:45:00
5899,884.6669994824653,Maldives,2026-10-01 14:00:00
262133,874.8551754650466,Montserrat,2025-06-11 00:00:00
121274,856.8158093436315,Seychelles,2026-09-30 13:00:00
73596,843.3635117820942,Bahamas,2026-03-30 00:00:00
6332,833.8153626547937,Cambodia,2026-06-09 12:00:00
929190,795.5086632498632,Sint Maarten,2026-03-30 23:30:00
5895,784.2822971389344,Sri Lanka,2026-09-30 13:00:00
95798,758.2369244144456,Guam,2026-06-06 11:30:00
262136,724.3683279317302,U.S. Virgin Islands,2026-03-29 00:00:00
95971,724.1595990449158,Mongolia,2026-06-05 12:00:00
287880,702.0963751925468,Cook Islands,2026-10-01 02:00:00
4175,698.669445346338,Macao,2026-03-29 13:00:00
5891,687.2646457560536,Laos,2025-03-20 12:45:00
262135,653.9418854022178,British Virgin Islands,2026-06-06 17:00:00
178671,644.9644333074034,Brunei Darussalam,2025-06-05 09:00:00
95801,625.4230316116481,Timor Leste,2025-03-20 18:00:00
95800,604.3185185893676,Bhutan,2026-06-08 11:30:00
262132,595.5152767332777,Anguilla,2026-09-21 15:00:00
