mid,dW6
2264022,0.2
2264033,-0.06666666666666665
2264023,0.0
2263999,0.06273684140113106
2264036,0.02167820944903276
2264048,-0.20693874989540634
2640779,0.16589799348420026
2264026,0.19225865352830968
2264025,-0.07416824229140664
2264050,-0.07616356298596366
2264001,-0.30452089543354516
2264002,-0.5455112691592168
2264049,0.15012128638000624
2264014,0.20025348787858616
2264038,-0.131151081208189
2264037,0.1576372625552953
2482549,0.0271399666612529
2482551,-0.08416720987841897
2482553,0.03893012810471419
2482526,-0.4057582859055909
2482532,0.18493202165619288
2482557,-0.024435943244192238
3023240,0.1283038722336611
3023261,0.007863767438235539
3023262,0.1852645659130696
3023268,0.015003118007409944
3023273,0.3181629886269489
3023247,-0.15727013095984188
3023241,0.03228281830596885
3023257,-0.11943640125132798
3023269,0.43852139619009467
3023263,-0.31783810586339406
3023264,0.1654794388577678
3023275,0.0024604381132768416
3023276,-0.13761467889908258
3023249,-0.28229787708252074
3023243,-0.12150939277165826
3023266,-0.24860784495247912
3023265,0.15300512501941294
3023260,-0.20421495534066572
3023259,-0.12531571982135178
3023277,-0.26865368430217373
3023278,-0.35148288566907854
3023271,-0.39905701362665713
3023272,-0.10720076299475441
3024571,-0.14999999999999997
3024572,-0.0074185183321734405
3024573,0.04486632420378428
3024574,-0.043857138015106184
3024575,-0.21331479323388605
3024576,-0.015909931075608397
3024577,-0.1512700444432657
3024578,-0.21730118747432683
3024645,0.018149155617027027
3024646,0.01443694426992477
3024647,0.0758209992707152
3024648,-0.39097210664880766
3024643,-0.22756291159819592
3024644,-0.020784510149446045
3024658,0.11623293324596598
3024659,0.07520411043513085
3208369,-0.25569896834203065
3208386,0.08976899766166474
3208363,0.10547219803365565
3208250,0.1742970367967222
3208331,-0.16250484683986058
3208326,-0.036145462167260445
3208273,-0.040164779108899956
3208309,-0.11798759936099945
3208332,0.07055160504155386
3208298,-0.007888285356796032
3208325,-0.2091856348779081
3208259,-0.36375298211882534
3287013,-0.016085276170063
3287226,0.08143647206846982
3287225,-0.06051977574899023
3287014,0.02896169611867272
3208263,-0.12456713413699516
3287074,-0.08911940187979335
3287087,-0.11754043422877307
3287073,-0.03536130056643676
3287086,-0.03927338445575862
3208291,0.14566258230526113
3287214,0.2779523079564663
3287111,-0.16568217421923276
3208307,0.08064230718656362
3287213,0.12002647388249651
3287026,0.09252857165585682
3287038,0.2560063432821491
3287122,-0.24441075962939343
3287037,-0.15627579421640775
3287134,0.559337955298563
3287135,-0.08720130241954976
3208322,-0.0387323943661973
3287025,0.5764454122339043
3287061,-0.2216534656033809
3287062,-0.03993616837140304
3287049,-0.0907064450266174
3287050,0.0953069495573104
3287099,0.11457112331481639
3287110,0.1841022927802616
3287123,0.22876402568416945
3208362,-0.13029237400369276
3208296,0.01987634941720151
3208295,-0.5714285714285714
3208334,-0.037580888981495475
3208248,-0.44609152345774117
3208335,-0.025000000000000022
3208264,0.09162831511561065
3208258,0.133538629479719
3208323,0.22875971430011546
3287016,-0.019272634325848553
3287228,-0.143468654905299
3287075,0.0071456870276958295
3287076,-0.046188511864469955
3287015,0.025392080081992507
3287088,0.021629432310501517
3287227,0.13739651774611505
3287039,0.30907394808996635
3287040,0.1448769318832285
3287215,-0.33191482875468775
3287216,0.12683241441277898
3287100,-0.7703939888701777
3287125,-0.09583510866705525
3287051,0.18469535709822862
3287113,0.04234398462082879
3287136,-0.17800856114408015
3287124,-0.030236484762171667
3287101,-0.23992290808964695
3287027,0.1272330273294328
3287137,-0.050906054866784956
3287028,-0.24616401205102317
3287063,0.2492295441911856
3287112,-0.030640252655821737
3287052,0.006410422593164877
3287064,-0.1241316737147734
3208337,0.08120334091855302
3208375,-0.011183303799960631
3208257,-0.03444102733715726
3495286,-0.03567648933461426
3495229,0.5410031995178278
3495148,-0.003535990844647119
3495149,-0.2022545189705629
3495316,0.09533132091827853
3495315,-0.26522131887985534
3495228,-0.0533675440104904
3495284,-0.23309223346710534
3495285,0.15028742553750774
3495314,-0.16550877949547116
3495208,0.07296786151015103
3495209,-0.20993216530064257
3208381,-0.2661639180226847
3208314,-0.18605548678365952
3208304,0.4077991330250752
3208260,-0.36138523802899536
3495188,0.4770815946960903
3495251,0.06100457020284099
3208320,0.15242035760970918
3495345,0.25348656992804036
3495169,-0.2641255154812078
3495168,0.07036026541740106
3495344,-0.19113399286125465
3495375,-0.007432856658178333
3495374,0.25168479582993775
3495189,-0.08537443774224975
3495252,0.2908933966335776
3495253,-0.15699123612770896
3495346,0.007996396182107762
3495376,0.1209545453854699
3208330,-0.25367008140492087
3208336,0.035991432661182654
3208290,-0.33260292722458296
3495287,-0.2780221116566367
3495317,0.1449474985830087
3208350,-0.28256385658343564
3495230,-0.348021462105969
3495289,0.18067006041594008
3495288,0.049845112742017306
3495318,-0.140673439817105
3495231,0.19181370611092646
3495150,0.1282198578068338
3495151,-0.16502747704177023
3495319,0.3280224582109952
3208319,0.33387215864906095
3495210,0.18461752832417735
3208318,-0.5115427948540493
3208256,-0.5204822181860164
3208376,0.02080104976591579
3495347,-0.04262320714481779
3495377,-0.005215371012983111
3495254,-0.15339636224975722
3208261,-0.10911919756806027
3495170,0.16409129587358812
3495256,0.08865493389869282
3495171,0.18672954655816362
3495379,-0.018657853210813424
3495348,0.13449403950796895
3495190,0.361403881664214
3495255,0.19964416236341415
3495349,-0.17493496449589258
3495378,0.059692073302590076
3495211,-0.14444530121749724
3495191,-0.20569063637201962
3208306,0.34377385600621113
3208382,0.284996921113683
3208313,-0.22212790698658033
3208312,-0.02273105349461746
3208338,0.0446546108692204
3208328,0.0540602652207679
3208329,0.3635464746035469
3495321,0.06413447117267113
3495152,0.137818120752331
3208348,0.08270744535259039
3495292,0.03817270524545338
3495291,-0.14098240801185452
3495233,0.020216613559408625
3495153,-0.29639586438928933
3495322,0.14960770999703388
3495232,-0.15901837183724943
3495320,-0.029002659690084732
3495290,-0.09620541802110702
3208288,0.19370181724780688
3495380,-0.11733292392106526
3495258,0.21299521411743935
3495192,-0.18696851858478636
3495213,-0.18425303230903423
3495173,-0.007075646079070602
3495259,0.014535909389318091
3495193,-0.3980008911672639
3495381,0.04857267718062433
3495351,-0.13696895541367118
3495172,-0.2686063435932917
3495352,-0.3212675598289524
3495257,0.20737461402143395
3495350,-0.25484475225216846
3495212,-0.04935227212991826
3495382,0.1226495112926155
3239011,-0.2120927636252916
3239008,-0.08349216227780148
3239012,-0.051254528377834396
3239009,-0.29339176565563363
3239010,0.02393863079687758
3239017,-0.03695065074543366
3239014,0.17263668846533786
3239013,-0.040448758408228286
3239015,-0.027472218578415815
3239016,0.09126958399990279
3230637,-0.019163585377184517
3230638,0.0405493681298741
3230643,-0.05635795122939106
3230644,0.05627654785255329
3230655,0.07283520829846564
3230650,-0.02715302594632297
3230649,0.08500714686617701
3230656,0.1283662423165764
3230662,0.036670047746722834
3230661,0.37556249991168295
3230667,0.15216403504374476
3230668,-0.026686431858149492
3230646,-0.022685374360482596
3230639,0.05918659882275861
3230640,0.16122852081575653
3230652,0.02589230451403178
3230645,0.08860383327936797
3230651,-0.03335734147441677
3230664,-0.07096062043388084
3230658,-0.005552130964336682
3230657,-0.00482203599437811
3230669,0.1061235316405121
3230670,0.08251270427696825
3230663,0.1273782060010706
3230641,-0.14040705447569682
3230642,0.21077648372069094
3230654,-0.011851350525442408
3230653,-0.08815601524963873
3230648,-0.13075594993860745
3230647,-0.039250290364374676
3230660,-0.08287169840313247
3230659,-0.1672771239144669
3230666,-0.18088098599533972
3230665,-0.1777547421007247
3230672,0.028731520982029163
3230671,-0.11229839584693682
2767769,-0.11126102949898778
2767768,0.13471244172505936
2767771,-0.2041932685924021
2767770,-0.06997687167135212
2767772,-0.050912633216444486
2767773,0.10896963642048296
2767775,0.060664078651450334
2767774,-0.07273482633503345
2767865,0.040135798857422494
2767866,-0.03285585478015455
2767867,-0.007580893422486329
2767868,0.02090695552925717
2767870,-0.11505563313042977
2767871,0.03126449032386708
2767869,-0.0225781030552714
3595037,0.875
3495214,0.06863078974420805
3594994,-0.11236492635597217
3595007,-0.05397412306714136
3495324,0.07870222658591508
3495325,-0.042255445310420386
3495295,-0.02068186385448101
3495261,0.11728697687281327
3495294,0.15755944246964637
3495323,-0.02747411872175931
3495260,-0.11593620312941527
3495154,-0.04724477778833558
3495215,0.11450269646820124
3495293,-0.16956176855328953
3495155,-0.25007209735060487
3594982,-0.09443293999751301
3594983,0.26063813871725505
3595048,-0.017287234042553196
3495262,0.2903095304023959
3595049,-0.06648575305291726
3595024,-0.21730541664723432
3595025,0.02808735495860537
3594935,-0.364368875687118
3495174,0.24759006732655678
3495195,0.2881736304659412
3495354,0.2195650504183813
3495235,-0.271434561948374
3495194,-0.31981411735258214
3495385,-0.04554948597059738
3495234,-0.09029085886937455
3495175,-0.008038990804092205
3495384,-0.19294457650185598
3495355,0.003276422386051553
3495383,0.08614835616930172
3495353,-0.08232816126872076
3595006,0.07234432870282353
3239022,-0.24486770199179497
3239024,0.025552572280441332
3239021,0.2649062397733556
3239020,-0.16848976143882205
3239023,-0.1678335907124474
3595061,-0.0726201633829675
3594965,0.04718608970603233
3594953,-0.2197981682243787
3595060,0.14917505699254985
3594952,-0.33966795110908143
3495216,-0.19124572046980248
3495156,0.11801238987519194
3495296,-0.11758205955094629
3495326,-0.2182957197128927
3495157,-0.10593802390354926
3495327,0.06737280430512446
3495265,-0.24779634928153516
3495328,-0.1573092919264682
3495264,-0.1956331995240657
3495298,-0.19706346269588826
3495263,-0.10591382960146906
3495217,-0.09817218312871046
3495297,-0.060897714932545643
3595051,-0.26190476190476186
3495236,0.1472176119256285
3495386,0.19514144696032476
3594997,0.31036326756407895
3495196,-0.2253015134430273
3495357,-0.10646138041561143
3495356,0.071489722226044
3495237,-0.13831198551722995
3495197,0.33184691849849013
3495358,-0.13844513124734092
3495387,0.2998250797206904
3495388,0.19812367720945623
3495177,-0.08240531301248727
3495176,-0.24345629539349767
3594984,-0.17392825786545085
3239004,-0.08484207775760838
3239000,0.061749964672858426
3239003,-0.08054116966463315
3239001,-0.3412935239930506
3595026,-0.07113128341286631
3595050,0.2823798627002289
3595062,-0.0010353325554818271
3594966,0.20469056145700593
3595063,-0.09402623559934076
3595027,-0.038530553127082035
3594954,0.7560975609756098
3495158,-0.021404135128889834
3594955,0.18701778419230958
3595038,-0.5686274509803921
3594996,0.23182789956482353
3495218,-0.1955141433403735
3495159,0.27279136757221445
3495266,0.04397193844154096
3495268,-0.13336655546731055
3495219,0.18753544241320644
3495330,0.31728830231373534
3495329,0.20415565108367803
3495300,0.030375264786335843
3495331,-0.0640964281634617
3495299,0.3254727446100189
3495301,-0.2390910794670474
3495267,0.05236640259422953
3594985,0.32528642909763006
3595009,0.04156505523835055
3594936,0.41936036940306576
3495389,0.007805835178889747
3495198,-0.25416019685067687
3495359,0.059472920581151945
3495390,0.12066269853144615
3495178,-0.0009476499223718959
3495238,-0.1274353469854077
3495360,0.042900579602726974
3495391,-0.11831789582177282
3495239,0.02187768094530762
3495361,0.08212143635774144
3495179,-0.13426393389513558
3495199,0.024572057001000736
3239028,-0.0414676080636141
3239025,0.013942582928514857
3239026,0.09433270212842698
3239029,0.01893323738358016
3239027,0.3860021154469023
3595011,-0.17851985344138255
3492720,-0.22654504079794982
3595010,0.28704327261435025
3595029,0.13399488425602085
3595028,-0.0248431509499481
3595040,-0.5411184210526317
3594957,-0.5089465015486038
3595053,-0.6277777777777777
3492721,0.030544449254529205
3595052,-0.3792869269949066
3594956,-0.06767690440354865
3239030,-0.1301303972004505
3239033,0.07464040817756384
3239032,-0.0882884003989175
3239034,-0.38207516060698604
3239031,0.03489912923784266
3594987,0.27276101022920995
3594968,-0.4695743490212655
3495394,-0.23530868321331788
3495392,-0.0014623210979242685
3495303,-0.03639895014547914
3495304,-0.17712539111988157
3495334,0.4383360553195951
3495333,-0.09918993665078754
3495241,-0.3353091718692922
3495332,0.04400018872420222
3495393,0.28052658569152156
3495240,0.1769820917768805
3495302,0.07954989102299315
3594986,-0.07954536729174044
3594938,0.06157274650358452
3595019,-0.1038730301451819
3495220,0.006303158901092565
3495200,-0.07857431691678946
3595065,-0.6576707080462263
3495221,-0.0032312540723736793
3495269,0.008577971029026465
3594999,-0.08872227705202007
3495181,0.02784160695745147
3495180,0.2081960436402706
3595064,0.28057616786159745
3495160,-0.03743786565559004
3495271,0.2112042109163378
3495362,-0.02355460726596037
3495363,0.1503785554850715
3495364,-0.05137722174678991
3495270,-0.42077751861504686
3495161,0.20592028222957717
3495201,0.039771077255885745
3595018,-0.28704327261435025
3594998,0.10964006531317927
3595031,0.020982734805196745
3492725,-0.07191357146064553
3595047,0.5494092373791624
3595054,0.24736842105263157
3595055,0.5750528541226214
3594959,0.4522409987785525
3595030,-0.12431676302391287
3492724,0.1306224590345773
3594958,0.08113268785436678
3238997,-0.11941888291771185
3238996,0.3328883536766907
3238995,0.10529414892861708
3238998,-0.15058769092416535
3238999,-0.010744807330675926
3594989,-0.14356521589800197
3594976,0.39005185379337926
3495336,0.1127976639414735
3495395,0.46609345981276395
3495396,-0.09887831836612229
3495337,-0.29429845188505893
3495397,0.06641845674074964
3495307,0.23400601456943895
3495305,-0.08795266441606794
3495243,0.06777961616375067
3495335,0.0326704603644668
3495242,-0.016349105005650566
3495306,-0.11807416886170483
3594988,0.042220619896873895
3595066,-0.11978242096811287
3595000,-0.13361413100427516
3495222,0.06171241633338587
3595001,0.05390800003016888
3594940,-0.03276090230223652
3595067,0.6266127999086979
3495273,-0.05399985767289035
3495366,-0.27116995369405794
3495274,-0.08110605882214386
3495162,0.08405390786069059
3495365,0.18006446094781
3495183,-0.1731272826508674
3495203,0.05676195967344505
3495223,-0.1102482021599881
3495202,0.16058137380663906
3495182,-0.03010337830359444
3495163,-0.08879311883431604
3495272,-0.32601354121871184
3495367,0.19166733921471413
3595008,-0.3118039840298209
3239043,0.021298488334877685
3239041,0.06160181665451639
3239044,-0.3984406840002663
3239045,-0.23922653162023755
3239042,0.1024098915958343
3595068,-0.1302335835798229
3595032,-0.21065705171481017
3595056,0.14418604651162792
3595033,-0.2885303043743175
3595003,0.3319431391603754
3595059,0.3631578947368421
3495164,0.06575063563643507
3495398,-0.10559715180662163
3495338,0.1373210442201253
3495184,-0.09699898547312408
3595002,0.278046440291429
3595069,-0.17572545388713967
3495339,-0.013330988133854804
3495185,0.09635128261727882
3495165,0.07665144966507662
3495399,0.5142834221632997
3495400,-0.27937883108156975
3495340,0.11350444609745991
3239051,-0.04934029587821365
3239050,-0.14466632742352264
3239049,-0.056793868911696965
3239048,-0.08897174931193957
3594943,0.06756756756756771
3594991,-0.41993567799137416
3595021,0.24164590389588492
3495277,0.07911483817501813
3594990,0.25980310653083444
3595020,-0.22522381812372205
3495368,-0.03551315573507305
3495205,-0.2910214997124838
3495276,0.03738420156330241
3495370,0.11022794232407385
3495369,0.048515323487278494
3495275,0.3133476349803501
3495204,-0.1589852723827715
3239047,0.11925770232785693
3594961,0.3659325245631899
3495224,0.033756895153982586
3595044,-0.8260869565217391
3594960,0.11851137634994513
3495308,0.11457728396180294
3495309,0.35536610530951174
3594979,-0.07392902936446716
3495244,0.05285268147812783
3495225,-0.31247627939729833
3495310,0.274925671725933
3495245,-0.3100829196317889
3595034,0.27901556276500095
3595071,0.38548906568235586
3595035,-0.18348935711370495
3495343,-0.1261387804461666
3495342,-0.3740034481294212
3495341,-0.2459652820945924
3595057,-0.48543451652386777
3495402,-0.14184603394573578
3495401,-0.6062303117526132
3495403,-0.17863590924139505
3595004,-0.2450071539809704
3595070,-0.06341242917797596
3495187,0.12429573919686587
3495167,0.007196466364171261
3495186,0.08160544725241703
3495166,0.06359783504466446
3595005,-0.06481369343183552
3595058,-0.16554054054054046
3595023,-0.0419683352885441
3495279,-0.02238341653299583
3495280,-0.19365999554318963
3495373,-0.20824692522365632
3495372,0.05079064818301249
3495207,0.06343254916618546
3495206,0.012962728903555265
3495278,0.029106410637979252
3495371,0.46663074108687697
3594993,-0.19406745337095255
3594992,-0.03688758688563293
3595045,-0.0008361204013377921
3594944,-0.2939528260062879
3594963,-0.0135308519533332
3594980,-0.008992715355922054
3594962,-0.45318262472690085
3595022,-0.021653564707101114
3495227,-0.09324369986711833
3495246,0.269839993127994
3495313,0.040348313124687174
3495311,-0.12256246505531883
3495226,0.26866339948167006
3495312,0.04699577299233959
3495247,-0.18233915066911904
3239054,-0.10625048013760219
3239053,0.2782764256619684
3239052,0.09744231584514046
3239055,-0.31158452493916317
3239056,0.1580157693894117
3705348,-0.17132303390854864
3705349,-0.40549207179219027
3705355,0.01466027077659443
3705361,0.05750984365402034
3705362,-0.12321048095568701
3705412,0.037704384079213143
3705369,0.0955838338368458
3705370,0.14519237304957222
3705419,0.46077750656750377
3705420,0.49816934890879705
3705413,0.12929998423814693
3705351,-0.10123427058151872
3705350,-0.2779791756221044
3705357,0.17637160881806613
3705358,-0.3597771801767193
3705363,0.2656556205182235
3705364,-0.10593223246120281
3705371,-0.3068235291896544
3705372,0.14317498900924128
3705422,0.031171582871121102
3705421,-0.04678736457824095
3705414,0.030120519692650227
3705415,-0.1590536642837055
3705353,0.10167933602156491
3705352,0.042193700720664404
3705359,0.2730529002665739
3705360,-0.03931986130068921
3705366,0.4027341723566119
3705365,0.07482691528825636
3705374,-0.2668804041440809
3705373,-0.12995986380999863
3705417,-0.0582362071672322
3705416,-0.11031009166584033
3705423,-0.34166364388451936
3705424,-0.4284358812722273
3705428,0.10709433738536922
3705429,-0.22663056798523867
3705431,0.2912259072692922
3705430,-0.14837893226984913
3705432,0.21286137322771378
3705433,0.15475415384229205
3705434,-0.0650319135028494
3705435,-0.08797433864004343
3239060,-0.2584847276600724
3239059,0.1224891107759537
3239061,0.055633153559172255
3239057,0.027325102032379867
3239058,0.163564719275754
3705437,0.09111578764647887
3705436,-0.09710146130585978
3705438,0.024535214173216913
3705439,0.03359909728115487
3239065,-0.20273420723051358
3239062,0.14001595504920256
3239066,0.1368368237114188
3239064,-0.05833433840660085
3239063,0.08352297062891328
3705440,-0.051944375747424526
3705441,-0.2180674372331905
3705508,0.22181399733252144
3705509,-0.18487137158887912
3485321,-0.011901544018805943
3485320,-0.054661944602109824
3774163,0.01809616108593909
3774162,0.10287347328949081
3774161,-0.22617715616381
3774159,0.014838319804901107
3239068,-0.4943732522065656
3239069,0.04793297943066932
3239067,0.15600402438204297
3239070,0.1166241371191809
3814126,0.03021932624331508
3814124,0.09768810679220413
3814127,-0.1266932775820116
3814125,0.1729660862851965
3814123,0.10714221612236961
3239071,-0.05200614870836312
3485322,0.03342237502454226
3485323,0.10084612023535755
3814128,-0.159377533431883
3814130,-0.03345377077377082
3774167,0.07020398814321144
3774168,0.0727005973104913
3814129,0.03984646027616767
3814131,-0.1309851785357413
3814132,0.20036101340928417
3239075,-0.03822919745860917
3239074,0.15452205289463594
3239073,-0.06271367113125215
3239076,-0.17867767630879566
3239072,-0.3360620202498153
3876866,0.048032703117015685
3784577,-0.06076249601736183
3876849,-0.5391019922688076
3774158,0.08734492490798546
3876836,-0.16358956366983707
3784650,0.1208495935835322
3784588,-0.17111527082073036
3784661,0.024590810220071757
3784649,0.12320550898849861
3876893,-0.015759312320916985
3784625,-0.018577725258720007
3784526,0.4014311548403533
3784565,0.009664412656887444
3784527,0.10994877476316459
3784626,-0.2121928239209752
3784589,0.13684220239864014
3876865,0.0019325718584466967
3876872,-0.34481706988426286
3784612,0.10479653183485138
3784637,-0.06534134982745396
3876813,-0.007367072389494023
3784623,0.3348212209456422
3784576,-0.09357956069379902
3784510,-0.3150511042946391
3784638,0.02744065978678395
3784511,-0.08122050838249767
3876860,-0.13182258731753438
3876812,-0.09929138189441489
3784506,-0.02194024044067422
3876821,0.06025280119803268
3784552,0.09149603187561758
3876857,-0.058727598010320736
3784540,0.2586802631477269
3784600,0.17704205193555528
3784553,0.541110774068884
3784601,0.015892483177993133
3784541,0.3003412218830932
3876856,-0.08352113703379815
3876880,0.19271065266352522
3876892,-0.11478776384496704
3876840,-0.20818632148028154
3876879,0.09140969155020295
3876852,0.2809465287325316
3876855,0.26039242359448794
3784662,-0.16439472502067315
3876830,-0.13433134047153694
3876888,-0.011387539048941409
3784590,-0.2510402753480748
3784651,-0.13375319723948598
3774166,-0.03624708371480552
3784591,0.10320241635396868
3784529,-0.14981038278898753
3784528,0.13693433294091711
3784627,-0.04450830200320882
3784628,0.24249665233805506
3784652,0.0538786838652916
3876831,-0.11416773076058995
3784640,-0.14187651248608057
3784639,0.010535287376334385
3784614,0.262682759836502
3784513,-0.04474494040699373
3784566,0.044656273735034724
3784615,-0.0735333490843108
3876869,0.01849472438213795
3784512,0.052445549793412094
3876819,-0.13711451881336859
3784603,-0.12556087673798116
3876875,0.38491140950690433
3876816,0.0780257712575681
3784555,0.20911214587981486
3784543,0.0777926581448466
3784554,-0.02907159246896307
3784542,0.04841146002001334
3876899,0.13655540347266437
3784602,-0.18177959813561276
3876847,0.3705128205128204
3876861,-0.3781920933813274
3876844,0.2637931303516282
3876839,-0.18987320982420364
3784504,0.0307276472068356
3784579,-0.08584521565002112
3784578,-0.03726851421600383
3784505,-0.029440951648399438
3876864,-0.031942314728068744
3876896,-0.13567840573606493
3876832,0.03194981489434602
3876859,-0.27655135782879947
3876809,0.013480970104631174
3876804,-0.12122858174384887
3876827,0.3418702788508162
3876835,-0.16699668895061914
3876878,0.04972326416652906
3784654,-0.047986320653081393
3784531,-0.13113940118914313
3784629,-0.041629363335863534
3784630,0.15773138891745458
3784663,0.07528694343647388
3784530,-0.33462576077355843
3784592,0.015537295342071683
3784653,-0.1658950032515342
3784593,0.02520205386877239
3876887,-0.38432069527480756
3784616,-0.29648487202277457
3784641,0.08544781261265261
3784514,0.06900879493687295
3784515,-0.03454008592628119
3784617,0.13737691669213337
3784642,0.009885007488742492
3784568,-0.10093972900239939
3784509,-0.15267715969525464
3784508,0.09459519057487809
3784544,-0.14562403029877719
3784605,0.17009789932349526
3784580,-0.15379838636098153
3784545,-0.2811923536003645
3784581,-0.030894093708199566
3784604,0.29792418999546616
3784557,0.023937422414392506
3784556,-0.38430504700904566
3784594,0.1741100775734754
3784656,0.1687489271542317
3784631,-0.40925288173028024
3784655,-0.25828552986406456
3784533,-0.2991155328622732
3784595,-0.20050629484417049
3784664,0.10221193777606666
3784632,0.14762891313953141
3784532,-0.18855894172353055
3876810,0.05143812183675617
3784618,-0.028444816349293633
3876806,-0.039245155839499724
3784619,-0.32585278544629304
3784516,-0.06291311100371871
3784517,0.06689109853494801
3784570,-0.03504118070302947
3784643,-0.057157062373933976
3784522,-0.18411680852965973
3784607,-0.12767003687139472
3784558,-0.08245781626871054
3784583,-0.04061949485985239
3784606,-0.18021668519816675
3784582,0.06476550329127834
3784559,-0.42507951782721476
3784546,-0.17726363447302604
3784523,-0.29710399992022757
3784547,0.013104016596845403
3784644,0.1772120433662636
3784507,0.0022951491936983315
3784620,-0.3191695054329183
3784645,-0.09247067125732811
3784518,-0.04934601023254284
3784585,0.04765062830807834
3784584,-0.0037844681385632017
3784519,0.2385625517117878
3784621,0.28607525057679617
3784548,0.07426606442619044
3784549,0.3342012690853877
3784646,0.09163413348709643
3784665,0.14681986569057376
3784657,-0.10831849908014785
3784658,0.4437191446188393
3784608,-0.0021915598774470413
3784561,0.2748194743630991
3784609,-0.020102060173105396
3784560,-0.02677015405899158
3784524,0.27648398308602473
3784633,-0.021904327742846702
3784596,-0.009123976964701797
3784525,0.1431142281607582
3784573,0.2709874578318479
3784634,-0.15343161193753838
3784535,0.17751252214441177
3784534,0.0752711216260406
3784597,-0.14061186698785494
3784647,0.021831387016733178
3784648,-0.04492699705142339
3784622,-0.034197868313464164
3784613,-0.06004743828785464
3784551,-0.15884733345605773
3784550,-0.4492192952340024
3784520,0.2666529046953755
3784521,-0.45743693116127837
3784586,0.21014568845795223
3784587,0.024049114267912397
3784666,-0.09118046609191255
3784660,-0.20236343535399637
3784563,-0.30365710631231746
3784611,-0.04921666912311895
3784659,-0.008256478891851798
3784562,-0.04025305827531006
3784610,-0.13367648243567615
3784574,-0.010470734732303533
3784536,-0.08821327175306315
3784598,0.11120530372943777
3784599,0.013792096386307573
3784537,-0.24987799604099847
3784539,-0.12663024033607806
3784636,0.07489777297809158
3784635,-0.03624811124723257
3784538,-0.17462999052840214
3854554,0.13485818630869142
3854580,-0.04522438848306667
3854592,0.17655894483857937
3854598,-0.034297607526128024
3854603,-0.044816159940308214
3854597,0.06301295354220232
3854556,0.09821627253258806
3854581,0.2743993909013919
3854593,-0.13851242916424375
3854587,-0.04079916094852461
3854600,0.16659947460888894
3854599,0.12284692425767894
3854605,0.06801830503476725
3854558,-0.2637432798548379
3854563,-0.07740054623087089
3854583,-0.28151811802266835
3854576,0.1328802290459426
3854595,-0.03038653755502148
3854608,0.0687797031388388
3854601,0.008984179533513548
3854602,-0.19733265615481577
3370552,0.09166607950121392
3370553,-0.256471219978479
3370556,0.08568458774650668
3370557,0.10215504508461029
3370565,-0.04948533694187658
3370566,0.04286247481782239
3370567,0.03521891435346017
3370568,-0.21126930006414157
3370569,0.12150197374113679
3370570,0.1680620238887661
3370571,-0.1424009422419213
3370572,-0.21151293043308994
3876895,-0.15796877899283468
3876808,0.18909452271712424
3876851,0.43223275247121173
4044778,0.005513567606268088
3876874,-0.09295208468002591
3876843,0.14535519125683077
3876850,0.34686242228282244
3876870,-0.21752857211366466
4044678,0.2548944772848979
4044578,0.03733505079559324
4044579,-0.20211481334614084
4044679,-0.03935610209819093
4044577,0.2744156657184236
4044780,-0.11909700377005294
4044779,-0.07135339520252126
3876858,-0.013335986370341169
3876871,-0.015129654012368654
3876848,0.17020525093546018
3876873,0.1492845371499513
3876805,0.10873195065891089
3876884,0.14956533646184456
4044738,0.27895106677435594
3876842,-0.09894267012343055
3876814,-0.13229232879250846
3876894,0.06893186837498944
3876868,-0.05117129595878772
3876829,0.2696742790121628
4044739,-0.21692880939293083
4044759,0.300290970365371
4044612,0.03357649624299616
4044758,-0.23655487444148876
4044718,0.06339223349114897
4044666,0.06927107225863849
4044719,-0.026184954685036177
3876867,0.18957464356566192
3876828,-0.34282806354365175
3876822,0.43968618748661015
4044557,-0.040820238373552226
4044698,-0.05548823636697686
4044636,0.3611148320924381
4044634,0.19832151851392754
4044565,0.4712663349866766
4044635,-0.252907950099728
4044699,-0.2378952507195919
4044781,-0.12977139461097842
3876877,-0.07901116235736663
4044680,-0.10649084095216238
4044580,-0.35430090963410354
4044782,-0.07138891758270538
3876811,0.00862751781390736
4044681,-0.2886738193881314
4044582,-0.2134534102885916
4044783,0.032219769638742624
4044581,0.15439411921363635
3876846,-0.18371802168450901
3876854,-0.36157024793388426
3876853,-0.2457711934956247
3876837,0.06910789114227045
3876807,-0.12919540962958523
4044740,-0.15507940527533387
4044761,0.1989002670470671
4044721,-0.08601240596503307
4044668,-0.22152938840956113
4044667,0.07784346797606168
4044760,-0.016407616270162906
4044741,0.015066581003773755
4044720,0.020755246999278276
3876825,0.3022715920467951
3876863,0.1847683632879309
3876889,-0.17187037756322232
3876826,-0.19782967726996492
3876834,-0.30718052613667113
3876845,0.039136129085274474
3876897,-0.09993548834278065
3876881,-0.1543728505879175
4044571,0.12032751787918369
3876838,-0.11378970197869032
4044639,-0.11869108872241363
4044701,0.2238666571735321
4044637,-0.07149683015858932
4044700,0.28957775624640836
4044558,-0.46761416056709826
4044638,-0.06086015800916163
3876817,0.030207669867804654
3876876,-0.2858810201594787
3876890,-0.2678076590101435
3876862,0.12825003873577273
3876898,0.07051919163278347
3876932,0.03342586695784547
3876937,0.4458979696567229
3876913,-0.2560653612225027
4109689,0.1365119503551071
4109688,0.2260549595280537
4044785,-0.015205696125372203
4044784,-0.20100229716557122
4044669,-0.11713059388421415
4044642,0.051290563309471654
4044613,-0.13312539583979915
4044641,-0.06577053237169433
4044703,-0.06824451630603529
4044683,0.009684345640303071
4044786,-0.029518061021326147
4044702,-0.3734332270922355
4044640,-0.1362564785771575
4044682,-0.009995502491114722
4044742,0.23239484018747697
3876929,-0.13369139024043838
3876908,-0.2933657073293562
4044583,-0.06862255024203054
3876928,0.057864932640741384
3876945,-0.1426950805083808
3876921,-0.3428357155957741
4044743,-0.1577669584404975
4044559,-0.03779683824071417
4044762,-0.050573428157714095
3876936,-0.1790265875970229
4044608,0.17850811723839205
4044723,-0.11281095672453317
4044584,-0.02249196327818187
4044585,-0.08898701440957912
4044763,0.1914085277095272
4044722,-0.052211711853218545
3876941,-0.010641346261813511
3876940,-0.03523388088726759
3876920,0.02355186011304447
4109690,-0.042565799041868246
3876909,0.2988761737000223
3876919,-0.14560387190617752
3876933,0.22478591221688846
3876900,0.2796059514708944
3876903,0.04142488475590034
3876925,-0.19620061489906415
4109691,-0.39579687746252457
4044704,0.2311551939443896
4044788,0.09469829601814919
4044685,0.07552493888390299
4044789,0.03205919194680418
4044684,-0.13356867203624048
4044644,0.1592168337796578
4044645,0.19268509190487348
4044643,-0.2533742555389533
4044705,0.06747970875577208
4044787,0.2717271749923932
4044670,-0.0386238270811457
4044614,0.31576789297230434
3876912,0.16134220707145286
3876924,-0.04896226203452114
4044764,0.1331428657065642
4044586,-0.08221517905627276
4044745,0.22999147248980922
4044725,-0.09087513028985603
4044744,-0.45508824528756214
4044587,0.09893230050831148
4044724,0.17436551625411134
4044572,-0.25397012182164247
4044560,-0.08836012964120157
4044765,-0.2536625434506292
4044588,0.11508567126582961
4161231,-0.290048924632166
4211899,0.04107851149013984
4211901,0.3291413124175486
4211904,0.4012218833533627
4211903,-0.06825327615725559
4211905,0.0419157966644507
3876947,0.4796030945516694
4044790,-0.08877105943029956
3876907,-0.44430278092760145
3876910,-0.028584641445725034
4044747,0.18220759173471004
4044671,0.12156811253560329
4044746,-0.2112695602161545
4044726,0.09809168043504185
4044615,0.10539038859585531
4044727,-0.06906556388331803
4044791,-0.2099351073785224
4044792,-0.1619750543299442
3876935,0.25581878905849004
3876906,0.03594130523097794
3876922,0.24420403787082096
4196502,0.02845886716793594
4196504,-0.03235006766314502
4196501,-0.1357596378276175
4044566,-0.23544023882823711
3876914,-0.007525095951518401
4044590,-0.4305835081390208
4044591,-0.08981831109004706
4044561,0.19994869989562117
4044589,-0.0077634083486180505
4044707,-0.14348662195498174
4044706,-0.1525791261832993
3876934,0.11548207932223209
3876902,-0.3912505853688806
4196492,0.14259794646845492
4196503,-0.03819173296489431
3876939,-0.12930960433362815
3876911,0.15273448310379428
4044766,-0.17825966648279484
4044686,-0.03412861479105697
3876930,-0.19671809611510882
4044646,-0.2888492687492974
4044767,-0.045371874082984986
3876926,-0.16013834076881417
3876923,-0.10764127816145314
4044647,-0.15652650840370394
4044687,-0.14420087573730833
4044648,0.005601352511418939
3876942,0.45077649735397385
3876927,0.22431331665470594
4044793,-0.28618320219497245
3876938,-0.19794429286247522
3876905,-0.25490958923443935
4044728,-0.22897880716930744
4044794,0.051434179117729906
4044748,-0.26464260388699895
4044672,-0.10493359322039619
4044795,0.08602710506077549
4044749,0.18369723625007012
4044729,-0.06335436721680782
4044616,0.0697900510414648
3876931,-0.1265459148141026
3876901,0.08146137169430556
4044708,0.3407645934587166
4044593,-0.08850342610054507
4044594,0.11939692732692217
4044592,0.3148747415875734
4044709,-0.1409665925882594
4044649,0.04651412677949132
4044769,0.027802375523139883
4044567,0.09082124666258307
4044650,-0.1179194858316795
4044651,0.005062911939654885
4044768,0.26254652238279014
4044573,-0.015407621682580419
4044688,0.28148902914295193
4044689,-0.3828797568477652
4196498,0.19350369812406265
4196496,-0.35219559862963773
4196499,0.019680639261473454
4196497,0.046050383642534165
4196500,-0.041587421454949536
4044711,0.10223174794282192
4044653,-0.22783272586901043
4044652,0.21052735560955158
4044730,-0.024566153830786863
4044574,0.2590484234351562
4044731,-0.36196734242749656
4044710,-0.29440209175554954
4044562,0.33368354756627117
4196495,0.05018272018176617
4196505,-0.26130087457079143
4196493,-0.0014383414857613852
4196506,-0.05379779509859517
4196494,0.07078273423315534
4044771,-0.017453536948268344
4044673,0.1800276676991739
4044617,0.15874239216577002
4044597,0.37929839086835293
4044770,0.0011436136702607236
4044595,0.07368608562117018
4044596,-0.05266771106516041
4044796,0.10666578546764993
4044690,0.02110198168498323
4044797,-0.08772868851250164
4044750,0.2033545314174458
4044798,0.0685875829071935
4044751,0.11707190038193521
4044691,0.24219870493914042
4044607,-0.10649906644732932
4044732,-0.12043084665871645
4044655,-0.08306515898679345
4044656,-0.06628900462976428
4044568,-0.3995462159791211
4044712,0.25290055999700756
4044733,0.17541207760362248
4044713,0.02933489554647495
4044772,-0.2289762698800858
4044618,-0.2799394147823344
4044600,0.08145279502112218
4044599,-0.21496642366441168
4044773,0.32656318483031027
4044598,0.030690245862933063
4044674,-0.12163496151149322
4044800,0.12526441134152294
4044692,-0.2771965995642971
4044799,0.424719907215319
4044801,0.08010644142039622
4044753,0.007222081401404873
4044752,-0.19449657993595798
4044693,-0.19841224674010433
3876946,0.016469109587633535
4196528,-0.25500730298758245
4196529,-0.0899803591163384
4196530,-0.1088225955067823
4196526,-0.0645089924311571
4196527,0.19680901242296078
4044657,0.0992803099661882
4341366,-0.3976409492119034
4341165,0.06621060917640986
4341100,0.10850717874582494
4044654,0.308484509470695
4341305,0.20595681088333914
4341315,-0.2666410918382384
4341122,0.04155045085777881
4341151,0.46035717744164706
4044774,0.378521386236695
4044754,0.03735656076768168
4044569,-0.18863008129337233
4044775,0.03561069044491422
4044563,-0.05985162008531664
4341202,0.05769678441075682
4044601,0.05211650199652357
4044602,-0.3835623382500894
4044755,0.29285393414505523
4044603,-0.055008793546846124
4196533,0.1642648893976311
4196532,-0.27097490899428267
4196531,-0.25752765828497315
4196534,-0.24351437019937625
4196535,0.09431106614162682
4341288,0.2717303206816723
4341213,-0.4622522002383993
4341252,-0.021077586834999273
4044802,0.20309627637794136
4341185,-0.2690726785313784
4341364,-0.17441683185854878
4341250,-0.012090924303555683
4044803,-0.32937131027454936
4044735,0.09740485278962024
4341087,-0.11944567146851615
4341365,-0.28862593240167267
4044734,0.14114143030812185
4044695,0.10819196354285261
4044694,0.1323722731017406
4044804,0.3023756721212153
4341123,-0.1747525420132797
4044714,0.054433084115211916
4341183,0.19318109859675509
4044715,-0.14065575570963157
4044658,0.02808448557628257
4341152,0.15294787161710255
4044675,-0.07360593730749987
4044659,0.20497367135097036
4044660,-0.3872116471423519
4044676,0.23020529859358344
4341119,0.18803372562563914
4341317,-0.1210807629868974
4341313,-0.0402536080713054
4044756,-0.08914961328812337
4044757,-0.3918301286353789
4341102,0.15940505298033247
4341148,0.24138381829125655
4044777,-0.3345572618365243
4044776,0.10236051654437461
4044570,0.2573851425034259
4044606,-0.12339428457119883
4044604,0.19368431433699668
4044605,0.5043036754203287
4044564,-0.2692267395501123
4341349,0.21428616808370374
4341314,-0.08192006298623505
4341254,-0.1275307915427476
4044806,-0.18487540674001554
4044807,0.14156766990768055
4044697,0.05596781418176183
4044805,0.0859136667336069
4044736,0.15293639961512046
4044696,-0.20308896782055785
4044737,-0.1895013715979354
4341120,0.05111830446584703
4341210,0.019364920700002675
4341318,-0.4096036096855214
4341362,0.04846587063413982
4341103,0.3604959141461669
4341118,0.031000281164223986
4341211,0.19276577789747062
4341255,-0.24747816699961178
4341149,-0.1499493523933394
4341363,0.17668741387464687
4341150,-0.12168648954642847
4341180,0.18900596844546913
4341181,-0.10738541294826745
4044717,-0.23862013691339906
4044619,0.11184176941638407
4044716,-0.11095942838426676
4044663,0.3345679051819382
4044661,0.03852760914315992
4044677,-0.004882697853092088
4044662,-0.3259272369697105
4196539,-0.020397658748498304
4196540,0.043053096236814914
4196536,0.008114813699873547
4196538,0.6715707575053307
4196537,-0.10029038639605437
4346221,-0.0340811828955139
4346222,0.12900138518269605
4346225,0.024618235158652746
4346226,0.2593066364727912
4346229,0.00177217754168435
4346230,0.4002009253138753
4346209,0.024579644329477457
4346210,-0.1827027662128944
4346242,0.2667525558578558
4346241,0.279964972858761
4346240,0.0986825886751831
4346239,0.2574314430882604
4346223,-0.28145505454920944
4346208,-0.0679307100519558
4346224,-0.21260220667413435
4346227,0.027639950675300236
4346228,-0.2777812392270652
4169726,-0.12293144208037814
4346220,-0.036645222460416446
4346219,0.11333973283818143
4346211,0.0006212520392267773
4346232,0.02796175834017764
4346235,-0.15727131128794936
4346243,-0.07025837127801655
4346236,0.016230751341337953
4169716,0.302105701778983
4169715,-0.0267379679144385
4346213,0.17507358655645114
4346212,-0.10659035846065054
4346215,-0.296513817325174
4346214,-0.24804305900230295
4169721,0.10169491525423724
4169722,0.016591251885369557
4169728,-0.034461448626554175
4169727,-0.06349206349206347
4346217,-0.3448195629709373
4346216,-0.1306874289780413
4346231,-0.019624257325866812
4346218,-0.16408638967540193
4169735,0.07391304347826086
4169734,0.2698884307543051
4346238,-0.19836753586100725
4346237,-0.21072311831108861
4346234,-0.19456318712792856
4346233,-0.21460722429718138
4169741,-0.04009368972168639
4169740,0.0249165971643035
4169746,0.17391304347826086
4169747,0.03583563441506987
4353228,0.10903461064244713
4353229,-0.21387680681409912
4394636,0.0887511446080158
4394633,-0.005522827687776136
4353230,0.020711155856960747
4353231,0.08392283536887213
4394632,-0.010096153846153845
4394634,0.20782941210432168
4353232,-0.20142680917334466
4353233,0.14585536094932644
4394635,0.08816376309090779
4394639,0.08377685012051321
4353234,0.04527343878564796
4353235,0.15585929416198716
4394638,-0.19308568273217894
4394637,0.1038794401942881
4394640,-0.07266263289235295
4394641,0.047318250427870495
4353241,-0.022650938958152428
4353242,0.20043300611942308
4394642,-0.057653086857864716
4394643,0.14803680890729926
4353243,0.11757192223420328
4353244,-0.029686805372150186
4394644,-0.0004316542885328123
4394645,-0.021219271846015242
4353245,0.147031165528985
4353246,0.021567088073930762
4394647,-0.15951692046931576
4353247,0.00044710545357595777
4353248,0.06850737889708684
4348751,0.05010356349122358
4278068,-0.005040677967903695
4278061,0.16661529043726125
4348739,0.2205513784461153
4348736,0.10740559302071073
4348403,-0.018223671590255147
4348759,-0.03889185300156839
4366973,0.16243575536137364
4278045,-0.039450310038545225
4348773,0.02009237875288679
4348593,0.2299003322259136
4278037,0.114976450849993
4369679,-0.2799903558500465
4369678,0.0691250918444205
4369677,0.010713446515256686
4366974,-0.0897967087298827
4369676,-0.025711842031952536
4151923,0.0380859534223692
4278067,-0.1276388073297164
4348774,-0.02439024390243899
4348760,-0.17693188412616254
4348404,-0.23004201680672276
4278060,-0.15648163083255978
4348594,-0.2299003322259136
4278034,0.006506950606329387
4348737,-0.16324113534878176
4278065,-0.3237519473102619
4151924,-0.06453087603874924
4369684,0.1077763828248311
4348731,-0.24877899877899876
4348743,-0.18398446253828346
4369683,-0.09856279086017225
4369680,-0.08575062411690576
4341335,-0.026218421517214985
4341147,0.17111026010603003
4341334,-0.07614331328328999
4348761,0.012083356278074442
4348764,-0.10418317478828493
4348738,-0.14819488473617426
4348590,0.038204200971337976
4278059,0.15814185430971653
4348732,-0.1775231470818555
4341348,-0.3176311933839844
4278051,0.17906976744186046
4278033,-0.04035930126666115
4348765,0.057795728673791735
4341146,-0.20007409162928136
4341105,-0.4251067348635493
4278066,-0.0878677742034415
4348595,-0.34495793208696285
4278074,-0.05947660586835848
4341106,-0.2512297770706251
4341258,-0.013724418588497878
4341129,0.13846721039141108
4341321,0.10198990427808391
4341145,0.20813553757495906
4341208,0.02023754816020165
4341320,0.43484107845082315
4341257,0.3441494591937071
4341310,-0.1534641862288056
4341215,-0.0696085848931241
4341139,0.3428628278829377
4341207,0.056582629524004474
4341331,0.006934897602591361
4341144,0.10826299650477342
4341143,-0.18468493972045044
4341332,0.038085257150093255
4341333,-0.003198289242521246
4341098,0.16500026624174946
4341137,-0.2721971162760566
4341323,0.1650548027485762
4341107,0.28521198348878346
4341241,0.15485673640299205
4341322,0.277878158940867
4278064,-0.005562309565339041
4278058,0.1661366976241951
4278075,0.0830290785176876
4348405,-0.19678596525499842
4348749,0.3345454545454545
4348733,-0.08860759493670886
4341153,-0.13053199558510628
4341240,-0.029524526035222043
4348766,-0.2013929593490328
4278050,0.5481486120463503
4348596,-0.16588419405320814
4341216,-0.2863950351498436
4348763,0.18189828801611294
4341206,-0.6641166967322003
4341136,0.15638206729410203
4278032,-0.41489361702127653
4278071,0.1193891259680733
4278035,0.4244961027220218
4278040,0.004649413421680404
4278073,0.22524824859188056
4341309,0.021413181480362753
4341217,0.3676036554809842
4341205,-0.07339306828658526
4043837,0.1389725490277668
4043838,-0.06316139592811047
4043843,0.24610321954314596
4043844,0.17410512856588645
4043855,-0.047560534824359624
4043850,-0.031012863655023308
4043849,-0.2201512108823872
4043862,0.04544961921547233
4043861,0.08630087726785332
4043856,0.14881637056027072
4043868,0.1803434917862105
4043867,-0.15234463173030638
4043845,-0.053987654834341814
4043840,0.1940155021987222
4043839,0.03848393801872038
4043852,-0.014735499407311808
4043851,-0.18979980643472927
4043846,0.004444063890132799
4407860,-0.3379097146333035
4043863,0.07829601108569076
4043857,-0.03754826364672517
4043858,0.15256237517083393
4377170,0.3686424868782795
4043869,-0.11023180566967969
4043870,0.21922462017487115
4043864,0.17878689752733334
4377176,0.2769199947435912
4377175,0.06215836571038441
4043842,0.1550925856055701
4043841,-0.14410840260764546
4377205,0.18873850348651167
4377204,-0.16567564771919535
4043847,-0.20497788292317537
4043848,-0.26931627866830654
4377210,-0.13366276731458676
4407876,0.10837505379672624
4043859,0.026514222941587784
4043860,-0.1119097639288418
4043853,0.22604533855571332
4043854,-0.032996218289679816
4407861,0.14186831791615317
4377171,0.21330446968974665
4043865,0.03911366295056351
4043866,-0.13803647489269896
4043872,-0.06471202291395775
4043871,0.0029712551861101055
4377177,0.18585865106867253
4377178,-0.33072356996110847
4377207,-0.22952742928849929
4377206,-0.2809383248065424
4407877,-0.2638975323872213
4377211,-0.31311783562081197
4043971,-0.1946813327072096
4043970,0.13066994810579113
4407862,0.09109224609503352
4377172,-0.41028183875900653
4043973,0.12833417745860343
4043972,0.17525028375415094
4377179,0.20414782809914528
4377180,0.03788375536991356
4043975,-0.1034913138101065
4043974,0.01904619067117344
4377208,0.04545691401970264
4377209,0.437321998225908
4043976,-0.06321224976586015
4043977,-0.12549878597316344
4407878,0.05997416616006801
4377212,0.4012254878837869
4407868,-0.24697496945322234
4043979,0.11292603251399669
4043980,-0.08858416553821133
4407869,-0.1639922293247098
4043982,0.21250467439637968
4043981,-0.13237886204356047
4407871,-0.22150146862062542
4407870,-0.3647309376684341
4043983,0.2599297389619939
4407872,-0.19943438407842093
4043984,-0.006589830957530213
4407873,0.14961490316839623
4407874,0.028005140104187948
4043985,0.05610887489981689
4407875,-0.0723423600421952
4538780,0.07714779437066349
4538736,0.553751286030432
4538794,0.0029098152856760207
4523689,0.00042263226112987384
4523698,-0.1100076768795499
4523678,-0.03376712621950029
4538856,-0.09252436974789918
4523673,0.06664142370314272
4538750,-0.07957901278473739
4422001,-0.2928922609028397
4538820,0.17846795183760367
4538834,-0.11329307708567832
4523674,0.032682781155228435
4523679,-0.08073170141158806
4523662,0.15237686748147042
4538791,0.23355505476144797
4523690,-0.11734726289713948
4523680,-0.22074421872285
4422037,0.21914608763928767
4422026,0.09996056278740084
4422002,0.29626217788348186
4421965,0.05734739558650681
4422025,0.13153716076462266
4422087,0.03044210654494084
4421964,-0.01714952219702931
4422086,-0.12848527028672518
4538747,-0.12086941499358561
4538718,0.1109985195535787
4196523,0.2468474287215348
4196507,-0.17204285137993353
4538808,0.176328502415459
4422043,-0.16294817796081565
4538769,0.06887917300699398
4538819,0.15901446183286294
4538795,-0.3389394951724049
4422057,0.16137852387640023
4538748,-0.3042585409912918
4421977,0.010085727362791952
4421978,-0.1903370083955752
4422044,-0.19580635074697028
4422068,0.025924032491940363
4422069,-0.0029763724787447154
4422056,0.15320368083139843
4538759,-0.11933637185959833
4538761,-0.07797507300638995
4538770,0.01791456221699339
4538857,-0.2511535842093257
4538833,0.45938793452118143
4196541,0.3583863568601837
4196524,0.20427321365913725
4196525,0.10483440279554337
4422106,0.18829525159993535
4421952,-0.10370879632406627
4422107,0.19396414849526192
4422080,-0.04756873462658456
4538735,0.033359158094140196
4421989,0.15030188509211556
4538807,0.010614663994996165
4538762,-0.0730576365952818
4422013,0.3398265738501807
4422014,-0.16963502177066836
4421953,-0.15218522540721932
4421990,-0.029929421550611124
4422088,-0.13853373219830722
4422089,0.2529554238297518
4422027,-0.2501176006073023
4422003,-0.21468901688218311
4422038,0.04636804118531196
4538720,-0.2525014536544004
4422028,0.004979560107114311
4421967,-0.01608693256521654
4421966,0.025499410263249422
4422004,-0.02991438138472491
4538855,0.03634327271925128
4538768,0.20403986766292864
4538781,-0.14750545634175094
4538822,-0.054762937777699694
4422058,-0.2588492531302489
4538721,0.14882878671394797
4421979,-0.11775019648202756
4421980,-0.11032379815376897
4422071,-0.08359748410663354
4422059,-0.2562866692425352
4422045,-0.05976101280206064
4422070,0.24503304246949814
4422046,0.03638297968445384
4538793,0.17137222502695332
4538779,-0.2010807212843094
4523692,0.17005614422427878
4523693,-0.18256035883256116
4523670,-0.2623924899615003
4538737,0.11197538530425649
4538836,-0.18644203657580025
4538821,-0.1738104832234027
4538825,-0.1951120970358141
4523671,0.1076033422998453
4523681,-0.029753933223306994
4523682,0.011615214975685711
4523672,-0.14044884710455555
4422108,-0.13521985957532168
4538752,0.22401829111822139
4523691,0.029151397583110805
4538810,0.004909653350073762
4538763,-0.14178291463824783
4538782,-0.11260722522539052
4538809,-0.035586810991875495
4538792,0.08362489059469908
4523683,0.07507208424454326
4421955,0.14941694668615543
4422109,-0.1669330701070718
4422016,-0.09925611524209682
4422015,-0.3016460624210921
4421991,0.10986583424296531
4422081,-0.02536399626356428
4421954,0.08050706233941335
4421992,0.31360874836982167
4538738,-0.5666620312380051
4538854,0.1818919729896222
4538764,0.11475708602968313
4538805,-0.32882997170677636
4538804,0.16483137562972877
4196508,-0.10406197491470048
4196512,-0.13473141489238072
4196511,-0.2410593280756072
4196509,-0.6051171311121119
4196510,-0.20008792135847142
4523694,-0.19854479583534154
4538811,0.20205691139968268
4523668,-0.3106141435580192
4523685,-0.2535468894545507
4523686,-0.07660738714090291
4538765,0.11769424994406091
4422111,-0.028044384298378466
4523667,0.20482679140397259
4422082,-0.025659094458141518
4538826,-0.14361590308836336
4523696,0.07610855747204892
4538777,0.21993978036086959
4523669,0.18749630288068297
4523684,-0.01159451328635036
4523695,0.12079308957272494
4422110,-0.16170810397501184
4421993,0.36356426289961447
4421994,-0.2743827200649046
4422039,-0.15615460541209364
4422047,0.08940894744958106
4422048,0.2675378486762003
4421981,-0.0366301379170213
4421982,-0.09421357733564106
4538853,-0.20987173034062978
4538784,0.12506256747971634
4196515,0.3869012769645809
4196514,-0.11301785529543196
4196517,-0.03222736228951956
4196516,0.19758365967471736
4538837,-0.16870114312200074
4538783,-0.08374885566115486
4538803,0.36563975828169226
4538722,0.08635774480166342
4538730,-0.44997067353118875
4422005,0.08563989632615099
4538812,0.018791363598284844
4538823,-0.4540601907796839
4538739,0.04181717216939296
4538766,0.1343923285716731
4538824,-0.052426481445914164
4422017,0.018934391116643523
4421956,-0.05089526379049858
4421957,0.31082820304065123
4422018,-0.2300528531736623
4422073,-0.02983456830319503
4422072,0.03758163225427752
4422006,-0.24809029212450456
4538753,0.05381248690088142
4538778,-0.18077764165907637
4538802,0.07371652836531051
4538852,-0.08716549081367675
4538723,-0.18560020812472355
4538838,0.1932392572862256
4196513,0.11145010356612628
4422060,-0.18002629218266222
4538835,0.035401383974010825
4421968,-0.055259738055943475
4422090,0.2179938439927476
4422030,0.15402243673170835
4422061,0.028968950043248426
4422091,-0.07813030576456714
4421969,0.05953564433681871
4422029,0.21916573652687388
4538754,0.277246181489495
4422049,0.04849448423594249
4421995,-0.10763225025821685
4422040,-0.07965380221507667
4538851,-0.002565890010393146
4422083,-0.0802371795850326
4422112,-0.05528682741612584
4422050,-0.25341772686511244
4422113,-0.1098531929281929
4421996,-0.31947520468828694
4538814,-0.1463200237789763
4538724,-0.01756816168987535
4538785,0.10448884375460016
4422007,-0.018336759980477013
4421958,-0.12338873921492863
4538813,-0.27149814508463105
4538786,0.13862175974227786
4422008,-0.11342230463446151
4421959,0.08667057397761507
4421983,-0.0254567032607097
4422019,0.42148612693606646
4422074,0.11973574210435894
4422020,-0.04536403120664623
4422075,0.012594755148162329
4421984,-0.10702586968821437
4538839,0.12144875969629343
4523697,0.011936494710140105
4523687,0.2574179359880442
4523699,0.2424034000506318
4538828,0.1586618782131959
4538775,-0.08245884927190045
4538850,0.176503448900145
4538755,-0.014995888923533374
4538845,0.36912902285178106
4538801,-0.34625004079560406
4523664,0.033791148899062665
4523665,-0.12766112452879982
4523666,0.030947444836538107
4538741,0.11855267978365888
4523709,0.04185730736838482
4538800,-0.03604048532428289
4523718,0.17172838017127007
4538776,0.15970447550747796
4538740,-0.26988928328622175
4538767,-0.1604588875730494
4538840,-0.17170497650867522
4538844,0.11238026700697623
4523688,0.1963811148261394
4422093,-0.12672967637370353
4422032,-0.06880177019436434
4422031,0.03835971408867134
4422092,-0.13175850909822528
4422063,0.06188933204776806
4421970,-0.03191505288804314
4422062,0.2424797527113677
4421971,0.24266835808861853
4538827,-0.0006268034821485524
4538756,-0.30271303390371074
4196519,-0.35397666793102167
4196521,-0.0991182475297291
4196518,0.16188958219755376
4196522,-0.2150812451183505
4196520,0.15963670663173335
4538806,-0.04636899578316794
4538787,0.08108228617324792
4538799,-0.22385773847036533
4523700,-0.13719962911551897
4523661,-0.0848362276926325
4538861,0.1079639871489752
4538757,0.08509511272463496
4538788,-0.033436074174688746
4523701,-0.2536286394907005
4523712,-0.09042330532971316
4422051,0.284076949476487
4538849,-0.10226471075561966
4523711,0.0013761251509528394
4538743,-0.5048368961762218
4538774,0.02020312194822882
4538727,-0.028695644750238503
4523710,0.07484564216262463
4523648,0.09282953783257203
4523663,0.19614558962191478
4422114,0.019442135285914153
4538848,0.3253472078583343
4538744,0.016356757158029256
4422115,-0.05933279231315658
4421985,0.16250093414057798
4421986,0.16139889850372674
4421997,-0.4454093800854466
4421998,0.23735123103369915
4422052,-0.42520436378970183
4196544,-0.3430565431158107
4196545,-0.029538169421428284
4196546,-0.29545718721734776
4523702,-0.11770782035089647
4538731,-0.25223701669563137
4538860,-0.16608483317369294
4538798,0.011108038862907621
4538815,-0.11609181006574064
4538841,0.2024594535649299
4538842,-0.3410470623236021
4538732,-0.6470412941546753
4422064,-0.10724309515360411
4538758,-0.07741809778025505
4538726,0.057962598863756015
4538773,-0.3622800445213404
4422041,0.22092254192154726
4422095,0.07172352002132265
4422034,-0.0366809075635246
4421972,-0.23958208311563117
4421973,-0.12353684443199
4422065,-0.19903576951678884
4422033,-0.144581212701334
4422094,-0.06573808896027605
4196542,0.22251487738042086
4196543,-0.0816672246911041
4422009,0.009655183771293874
4538829,0.4233124826255934
4422076,0.04302153618821247
4422077,0.007598085283005429
4421960,-0.2096307914714309
4422084,0.240493886810471
4538830,0.17773752276683197
4422010,0.09947796450968427
4422022,0.14392909627820105
4422021,-0.25599971439261965
4421961,0.0426761654229349
4422117,0.07895582440372509
4422116,-0.13715607669868699
4538790,-0.022848719853301558
4538789,-0.1580568672782679
4422053,0.07862570627636507
4421999,0.070995388349817
4422054,0.032079794601135636
4422000,0.13562345369872775
4421987,-0.337251361692359
4421988,-0.16368090746001412
4538846,-0.009036272974264792
4538746,0.3969944637346901
4538745,0.2401985148854053
4538771,-0.36624635060385136
4538772,0.30357419514384587
4538760,0.03072905182643182
4538749,0.3059370588675237
4538728,0.13611166322941531
4538729,-0.34856831710815483
4421975,0.35864881498891665
4422067,-0.07471919499142904
4422066,0.2738133201048056
4422042,-0.1391232016218215
4422036,-0.002043806409874227
4422035,-0.11822711240285833
4421974,-0.3956559070176803
4422096,0.19341973361612863
4422097,-0.14598872963888299
4523705,-0.2856751827372651
4523658,-0.11400024076080419
4523704,0.20691522777024673
4538832,-0.0672470526771412
4538818,-0.14078164170851082
4538817,-0.0075241182830081965
4523659,0.013453212810505155
4523714,0.05704721683762817
4538734,0.2792420162554553
4538733,0.44025427958293417
4538796,-0.10676512362609814
4538843,0.07150433068114631
4538859,-0.07406428485960476
4538831,-0.35148910620554696
4523660,0.044228745715016726
4538797,0.34133634685399117
4538816,0.07302859159665462
4523713,-0.06859547848113615
4538858,0.1399228889223182
4523703,-0.06572605021073333
4523715,0.06556909921795614
4538847,-0.13732103344523536
4422024,-0.13061979823282976
4422078,0.07168748204332392
4422012,-0.02030727547971567
4422023,0.07380732356766984
4421963,0.500207180443244
4422079,-0.15203109190181402
4422011,0.028055139549917063
4422085,-0.1793961483161727
4421962,-0.026015426128611685
4196567,0.31070435681531516
4196547,-0.11624971560189215
4196569,0.24105792111460794
4196568,-0.16207292619922636
4196566,0.05513371473339729
4341223,-0.09642611126883094
4341189,0.12255539895506296
4341328,-0.1504383702333119
4523707,0.20936557498889327
4523706,0.0064490453333978515
4523716,0.21030517732389895
4341359,-0.11044097420922977
4341329,-0.019956607469167387
4341089,-0.12681278901741855
4523657,-0.03149008058667496
4523655,0.0009563016246276201
4341134,0.07377454776234074
4523728,0.10347309984497943
4523708,-0.055494032752370887
4523656,-0.026950381424516445
4523717,-0.1876615955664415
4341295,0.09852375898578747
4341190,0.2841298268253281
4679441,0.03397989727206524
4679445,0.2754558334689397
4679447,0.0675251618192495
4679443,-0.01520276058772893
4341224,-0.28354261074749204
4196573,-0.2824278651723333
4196572,0.4211340570482287
4196571,-0.03214633596870553
4341330,-0.5877243741101243
4341358,-0.029747866055864547
4341135,0.051401556606198884
4341133,-0.018963093980823298
4341154,-0.4777541455436497
4689297,-0.07061638363646766
4341222,-0.46612217823416396
4341284,-0.028718221117642717
4689383,0.03348107691482077
4689262,0.07887868043752633
4689384,0.06331512553647528
4689261,-0.0174725797738077
4689298,-0.31429809676028464
4341090,0.3380962806831096
4196574,-0.11764428521221404
4341221,-0.06841012607905905
4196570,-0.20117294926837923
4689419,0.09485745356799033
4341164,0.02553693631074344
4689363,-0.02022247500625396
4689454,-0.1038931598160818
4341163,0.11497395812636643
4689364,-0.22013891966558946
4689420,-0.1380610269059056
4689455,-0.04921921872531504
4341283,0.059895843567625895
4679448,-0.07239095409480573
4679444,0.023347973037037006
4679446,-0.3308132321642794
4679442,-0.09641023287336481
4341327,0.11292226476246608
4341336,-0.28991167246065114
4341226,-0.07343164144147507
4341091,0.24660795566368598
4689263,0.09005326599643021
4341225,0.13594969250153421
4341282,-0.026056070132264575
4689264,0.19457684114046872
4689400,-0.011169705907588312
4689401,0.13875509130495892
4689299,0.30711850416843656
4689300,0.021363323018199043
4341326,0.24294842295532554
4523729,-0.2543104817814784
4523730,0.17943376245138293
4523719,0.2361406108837031
4523731,-0.10910761274162353
4523653,-0.024207167568038312
4341131,-0.02509429164553495
4341130,0.11615868133466734
4341132,-0.28082318897107816
4341176,0.06949523346041708
4341357,0.2094385113684663
4523654,-0.08506730945239868
4689457,-0.10052598363480914
4523652,0.188065102449412
4523720,-0.07818125125516606
4523721,0.23280022891047403
4341175,-0.26713328569847594
4341092,-0.4858730963572883
4341160,-0.1645765876947061
4689421,-0.07611054162845127
4689366,-0.09317988144030515
4689422,-0.1486989271491659
4689456,0.0060271315829051875
4689365,0.17051241850693635
4196577,0.21804364799272125
4341356,0.13607849539629885
4341227,-0.5805035943226405
4341162,0.2315660303352969
4341161,-0.2181867674769309
4341243,0.09702733317442308
4196578,-0.24888095329422122
4196579,0.2017971797234968
4196575,-0.00435962037618301
4196576,-0.17096230067026993
4679451,0.2772729335305265
4523732,-0.18924249047466857
4523734,-0.1653142112559952
4523650,0.3102535976552082
4523723,-0.06992522888120847
4523733,-0.16320725216578136
4523649,0.17484473666882858
4523651,-0.09153273172050214
4523722,-0.21486197323028758
4523724,0.16747550713239812
4679452,-0.00445606702796203
4196564,-0.45898982166716107
4196553,-0.2622931985469054
4196563,0.09036069434315402
4689479,-0.01763418070168199
4689439,-0.08544872937147413
4689438,-0.13377379076822737
4689368,0.00913883577204716
4689367,-0.19002026394743227
4689480,-0.26209385640976834
4196580,-0.05013321608669524
4196565,-0.18396569063157847
4416436,0.1905517901121489
4689301,0.20924256618906623
4689402,-0.09774903458986223
4689265,-0.05861926081157906
4689302,-0.08313403237377928
4689266,-0.0009814339633561764
4689403,-0.23494911886055705
4454405,-0.18534199996340978
4454402,-0.17104682846281755
4679453,0.006859190885074418
4679454,-0.1717514160634531
4689440,0.2655890116177637
4689370,0.17008013126038096
4689441,0.10045866179380367
4689482,0.08669136745775852
4689369,0.09474405131134045
4689481,0.1269362297961654
4523735,0.39814060167407206
4523737,0.471249866664708
4523725,-0.26408571749555193
4523676,-0.35151843038946845
4523677,-0.0803282731455583
4523675,0.26904673356936615
4523736,-0.01413805539865659
4523727,-0.05925871222923673
4523726,-0.1751055837997432
4689268,0.01888591294302827
4689304,0.14231754769104063
4689267,-0.21108131433428437
4689404,0.03152821073695411
4689303,0.14847782347172211
4689405,0.1008756892265561
4196549,-0.13650781492348912
4196552,0.3226091461846769
4416477,0.13270134006120007
4196548,0.026255328009129636
4196550,0.3494299660931701
4416433,-0.0643108637696736
4196551,0.12189121321889898
4772410,0.4624813332323323
4772437,0.39982332733483417
4772438,-0.44815867199065834
4772411,0.21965888806034756
4772432,0.05226102384130493
4772422,-0.3722978382706166
4772423,0.2544858810525426
4772412,0.24528938887375215
4772413,-0.24800761476995187
4772439,0.1470022935720494
4772440,-0.13622452268138596
4772433,0.11704594639769422
4772434,-0.129927456595287
4772424,-0.458625510146808
4772425,-0.07079858058776697
4772442,0.5076334860364171
4772441,0.3408702862527036
4772415,-0.0003598797578660551
4772414,-0.07203757735295654
4772435,0.05922502378829586
4772436,0.11392346502308895
4772426,-0.10581817872030813
4772427,0.020894915240188966
4772522,0.11259798248705763
4772521,-0.1790284690965115
4772526,0.15243481462699648
4772520,0.15931936730930274
4772523,0.18837562561718307
4772524,0.23642330675229908
4772525,0.09352926590644081
4341229,0.2877360523717494
4689442,0.3184547177863737
4341347,0.26554542181896157
4341173,-0.09510747306476303
4689269,-0.13403567456615617
4689339,0.276087856472449
4341094,0.045849425488836415
4341228,-0.03697998923547208
4689443,-0.21167108152622416
4689270,-0.018376089738796897
4689249,-0.09601035940082192
4689250,-0.11267549654629927
4689340,0.18330611175735312
4341171,-0.37257667235533887
4341352,-0.28976374893641854
4341230,0.44370733956050384
4341346,-0.02997713597728091
4822523,0.04968925929474145
4196555,-0.10706224560938568
4196558,-0.13758034946476863
4196554,-0.07244745205189218
4196557,-0.023611708086281324
4196556,-0.11555166327168975
4822522,-0.32023691119933956
4341158,0.22918475835014823
4341337,-0.05586212713105354
4341280,0.1597130846690879
4341117,-0.28075278212520194
4341245,0.5961837136365918
4341354,0.05306304575142995
4341214,-0.27287334627010273
4689483,-0.06161136693238051
4689372,0.11818623199725309
4689294,0.17891914049268384
4689282,-0.05140208331131402
4689371,-0.045446368216519706
4689293,-0.2853629133438633
4689328,0.09166182342223683
4689327,0.08755996668978588
4689281,-0.4823655157505055
4689484,0.0672924620497567
4341157,-0.3972326482007651
4341247,0.13777026928546632
4341159,-0.004002447921425734
4341278,-0.06546754781977521
4341096,-0.30066710944980846
4822534,-0.17292573900930425
4822548,-0.1012500963690116
4822535,-0.0023271687952573505
4822547,-0.0803540614271996
4689406,0.005283602424859868
4341201,-0.0496266154112702
4689407,0.21557233006501136
4689351,0.016338253748174048
4689352,0.005629291132422221
4689306,-0.19977505646950316
4689305,-0.1660566337513127
4689341,-0.28086363394514025
4341233,0.6669305683896636
4689444,-0.04839393218202789
4689271,0.217163650788826
4689342,-0.17327483176464037
4689272,-0.247795274431888
4689251,0.08176656348219541
4689252,0.0776126527483943
4689445,-0.32781243729594556
4341248,-0.03823205587466122
4341360,-0.13548587541716114
4341345,-0.0923286388668377
4341351,0.17241533787555374
4341232,0.0605061536138366
4341343,-0.14542953074069243
4689283,-0.06026047541964663
4689373,0.19302686160186533
4689374,-0.1273699947054202
4689284,0.1761651135391189
4689295,0.2011721080325029
4689296,-0.2349324068106226
4689485,0.0071966627502766944
4341168,-0.2153521674181726
4341231,-0.29802792087941415
4822525,0.10151445700105904
4822524,0.12269635460024475
4341110,-0.07509008219744162
4341276,0.053448776607313286
4341344,-0.1941742871138208
4341198,0.19616049853358913
4341108,0.05477320579012818
4689353,0.006235076860540312
4341142,-0.126247906343118
4341200,0.25935446925204797
4341156,-0.05362394909875094
4341170,0.007439986216079969
4689329,-0.055818010085908976
4689409,-0.2419939715081273
4689307,0.326659525002704
4689308,-0.1970285762729807
4689330,-0.18028017176534372
4689354,0.11470283889568403
4689408,0.01894470780703461
4689486,-0.10698887233374349
4341155,-0.1797156110825907
4341286,0.03596384127601271
4341277,-0.12695118955073065
4341199,-0.24914971030329536
4196581,-0.13362965171601085
4196561,-0.2196576983020605
4196560,0.0090140617050046
4196559,-0.11696540284752693
4196562,0.322523869188069
4822536,0.06693994147759802
4822537,0.05116835926390931
4822550,0.00636208529756721
4822549,-0.12369840080088801
4341113,0.23879286615469852
4341178,0.24604493039848646
4341177,0.2187544867352546
4877424,0.024997118453656042
4341234,-0.10563869755400829
4341112,0.18324317419856273
4341236,-0.5325655040924296
4341235,0.5494909187011277
4877427,-0.028505949215852477
4341303,0.4747850997899773
4341302,-0.519574494094097
4341292,-0.132595745517175
4689273,0.3689270986578216
4341371,-0.5081220109904416
4341340,0.09563466498152579
4341370,0.05151482009158656
4689317,0.28896479507077105
4689274,0.11266812902223051
4689376,-0.5388625521372179
4689309,-0.2208225143056788
4689318,-0.06067517236045199
4689375,0.03386224534544521
4689310,-0.30163166064702696
4822552,0.07763242532004654
4822551,0.03754291522088679
4341127,0.15379636313204353
4341141,0.2431063744888003
4341293,0.41073989038592573
4341140,0.16543968254304103
4689446,0.3502910644937124
4341342,0.004890619237824301
4341196,-0.24612523583188212
4341195,0.011615697196387054
4341197,0.16871664699372046
4689254,0.10789358539169175
4689253,-0.08943013804556926
4689286,0.24355168915184217
4689285,0.18630487108552782
4689447,0.323715104715383
4689331,-0.08363628740076412
4689332,0.04000609065597993
4822527,0.2652537939155648
4822539,-0.21002042556248213
4822538,-0.08764327294881882
4822526,0.2958558689498305
4689410,-0.02580000811591307
4689487,-0.04452262718645689
4689355,0.17201670569773983
4877425,0.0404456620838376
4689356,-0.09482729244113586
4689343,0.29951809858707096
4689344,0.3863349835436096
4689488,-0.09058004269084821
4689411,0.21804960682816962
4877428,-0.13788569013480878
4341301,-0.09196941017132595
4689311,0.10634911589486498
4341238,-0.2829459672214711
4689377,-0.12897564275991907
4689276,-0.4640286465183384
4689319,-0.38394866189907184
4689320,0.3098967873994426
4689312,0.35504325191806113
4689275,-0.02642642112814711
4689378,-0.2554194551214059
4341114,-0.4891432683112824
4341116,0.030768804928323457
4341259,-0.15286471291878762
4341237,0.17744383935907682
4341339,0.43163142169531643
4341338,-0.12808707759113724
4341125,0.03592877017084761
4341325,-0.0020540899465373297
4341186,-0.1280061934086822
4341193,0.10782574294073222
4341188,-0.5213482977835828
4689449,-0.19338809185844835
4689334,0.0226765759585435
4689256,-0.14078538778536787
4689287,-0.10919836698625962
4689448,-0.3780495876345735
4689255,-0.17875512651024195
4689288,0.1205337350946683
4689333,-0.24602461901548778
4822554,-0.0412669358679216
4822553,0.017769888665369632
4341367,0.17825242424058382
4341194,0.222929250060956
4341369,0.28944367214449346
4341192,0.1216162437399767
4341368,-0.2058587419884519
4689489,-0.2465326785754744
4877426,0.021910056876534745
4689357,0.2420320275122998
4689412,-0.27338505850436245
4689413,-0.20992751759411601
4877429,0.1992179622221269
4689346,0.20145646833455383
4689345,-0.039173695002753264
4689358,-0.05972029169069881
4689490,-0.08277559080410779
4341289,-0.2992638648889523
4341299,-0.4074655451158846
4341124,-0.1886783868637693
4341291,-0.2551297666671512
4341126,-0.43203526322247987
4822541,-0.10185830912580862
4822540,0.16186703989943255
4822528,-0.12720514484763132
4822529,0.4460357995388331
5013623,0.059000672001007615
5013626,-0.16345369465544332
4689491,-0.07128025495625567
4689335,0.21664279441468914
4689359,0.3704936932290277
5013627,-0.029137937842017958
4689360,0.17506486559349554
4689336,-0.11830359586954148
4689492,-0.07371493697334086
4689415,0.38144932851890584
4689416,0.04113847718516739
4822531,-0.22543452932620478
4822542,-0.09214822603061368
4822543,0.258631562307032
4822555,-0.08838454988855247
4822530,-0.10091347462487174
4822556,0.12539698761605517
4689277,0.1393356116424943
4689278,0.06099103290370367
4689257,-0.18975956763849114
4689380,0.08061462972963807
4689258,-0.024435632949396963
4689379,0.035437456504481435
4689450,0.058289841614076465
4689348,-0.28566481728531956
4689451,-0.2170401626565086
4689347,0.016018773011884035
4689313,0.18122931545056192
4689314,-0.07833922958289813
4689321,0.0660283114640221
4689289,-0.09110182955250246
4689290,-0.1559468902612854
4689322,-0.22337778573569606
4689362,-0.1932480851852562
4689361,-0.07921388373725338
4689338,0.13423266174913245
4689337,-0.1371465417514311
4689418,-0.07865645288498835
4689417,-0.20323539729469034
5013628,-0.18142569672390316
4689493,0.19864029758473833
4689494,0.01530185501530451
4689381,-0.10320746258271896
4689259,0.2803656362065586
4689260,0.32365865675898603
4689280,0.027215421973477816
4689382,0.009915035503878344
4689279,-0.3266746170935242
5013624,-0.047046153115437084
4689349,0.08699088461508897
4689323,0.0346934826543831
4689315,-0.256282266173619
4689452,0.2658552017147714
4689316,0.09239879352422364
4689292,0.1068951147519317
4689324,-0.03690238192845424
4689350,-0.03948624263051276
4689291,-0.14233754333582904
4689453,0.15477863250919616
4822545,-0.14041660912823117
4822557,0.004431201107621685
4822532,-0.3090914338982509
4822544,0.16778262876061442
4822558,0.07645122953220418
4822533,-0.04932342265212471
4721983,0.07762324147625813
4721984,0.014118491668047184
4721990,0.12601103316795192
4721989,-0.3343715049315686
4722002,-0.33549476243502696
4722001,-0.010665428939622315
4721995,-0.14451710490808306
4721996,0.0077127947717210155
4722008,0.0652406822966273
4722007,-0.15673440510870426
4722013,0.2550312554322722
4722014,0.6223683045547072
4721992,-0.34541421957778934
4721991,-0.1399065115772836
4721986,0.28188676101991894
4721985,-0.14167286311980734
4722004,-0.0058742161341355514
4722003,-0.1249753895745308
4721998,-0.04749792078504356
4721997,-0.021622755491850776
4722016,0.06699071133961393
4722010,-0.3353117516462515
4722009,-0.017189218075889773
4722015,-0.4064868990883077
4721994,0.24942807891802077
4721993,-0.03643075306296509
4721987,0.11893380563555309
4721988,-0.25473887968676223
4722000,0.009223943117344258
4721999,-0.006284885730805434
4722006,-0.1684604990889632
4722005,0.04059368958574795
4722011,0.21390331107769883
4722012,0.10473051108657777
4722018,-0.5976055809924229
4722017,-0.048949737914309094
5073456,-0.10895151338237091
5073457,0.08560842304775823
5073458,0.030939316537825085
5073459,-0.351778534041309
5073460,-0.23702870103581197
5073461,0.1251294456120536
5073462,-0.021011749847178324
5073463,0.08454735431958663
5073471,0.1982435139264057
5073472,0.3336874893721988
5073473,0.08818097864713187
5073474,-0.05522952053192337
5073475,-0.13028242768200504
5073476,0.03474853599371558
5073477,0.04521961158996185
5120889,0.41471599430939915
5073478,0.08281351871810422
5120890,-0.22720856009438462
5102655,-0.271490898425769
5102656,-0.06461508014021722
5159787,-0.13739517637476983
5267182,-0.07682593441390739
5210343,0.22965967416206923
5124808,0.3228568712171523
5067289,-0.06999702081690592
5099917,-0.12258748915882733
5159758,0.08101041460166575
5067294,-0.03987476856789271
5067290,0.2328249960048282
5067293,0.11667256639673243
5067287,-0.0525627945675467
5067288,-0.06380147687331095
5067291,0.18513387563089528
5067292,0.1260135254793482
5089476,0.37286693034407015
5147840,-0.10194968634422735
5187284,0.3529528509208521
5187278,0.42616722046267186
5187279,-0.3364116672399122
5187288,0.17724689142037942
5277213,-0.07870044315516048
5187273,0.12137217586576843
5210337,-0.2866581910705303
5210340,0.018567906619498475
5166907,0.03375408460860935
5154117,-0.4337052683458558
5267352,0.08868919538415374
5267632,0.20510277760931322
5277217,-0.27704684172790794
5213030,0.03686146051200248
5250866,-0.09168720276321674
5124809,0.6185030805029039
5098972,-0.1682833212221969
5110541,-0.20174562506660465
5249576,0.035236769338649776
5217275,0.32678575391736353
5264689,-0.21761816528648242
5267317,0.0859446354750297
5267218,-0.21554033033755526
5266832,-0.1915621023823052
5147837,-0.3290595444398204
5159760,-0.11618111314172419
5159759,-0.10478622428974982
5124810,0.002160179091725556
5154124,-0.437175974246222
5083233,-0.17593026419156893
5099918,-0.06270087434525973
5159761,0.39356861518572567
5277241,0.1728102653616742
5089478,-0.11080014025331122
5187286,-0.15530068662259428
5279322,-0.3289933724595186
5187291,-0.312358848816488
5279687,-0.21471375474699617
5278490,-0.25965412654588893
5159766,-0.28535657232539485
5279688,-0.5108740645017804
5100790,-0.16362439229203463
5187280,0.43524604141986856
5187281,0.3862643210597709
5187282,-0.4256201138558631
5213032,-0.014293645223932283
5166908,-0.1612009614530273
5159765,-0.25086565545145767
5124811,-0.15162823196577063
5159767,0.11664160951118915
5267353,0.012975230714924624
5159768,-0.025386894004421512
5217276,0.314837844254443
5266833,0.1894366228375569
5156668,0.04947363641423111
5271629,0.10049194094080507
5124812,0.2560558341227968
5067301,0.03985277788821465
5067299,-0.11768584876261702
5279749,-0.08454865572453754
5154118,-0.26408015319974687
5279748,-0.09233634064381102
5110542,0.05825791572909955
5279525,-0.12363436428537833
5279747,0.21286856542149313
5067302,-0.14618291662094068
5067300,0.45639426160015784
5285787,0.0662083329606385
5137675,0.07047913716346144
5083234,-0.3309683773582034
5266496,-0.6650931798186335
5110104,0.35177955805963157
5154125,-0.3593763433328893
5124813,0.10369081095237842
5449531,0.409663462492732
5217284,-0.6853467688247923
5628896,0.4456352993124112
5213041,0.16131038147072435
5628832,-0.2952306417179007
5628897,-0.6675131139349069
5628898,0.3509563584675202
5648176,-0.2530570568385494
5147838,0.27948352109995006
5702912,-0.11292922111371062
5628899,0.3154898670709493
5628900,-0.49131566197923104
5217285,-0.108336409520284
5418293,-0.47037906730623413
5418294,-0.17153919775732634
5629006,0.06565559046232938
5667645,-0.659751269957854
5648177,-0.2498875724816007
5084826,-0.07809201886706474
5098971,-0.2597495019569921
5629007,0.19293106345390848
5477263,0.42309028321780534
5343851,0.2207786198248003
5269692,-0.014776537823851854
5483930,-0.1335164762436448
5154119,-0.3635742292218402
5629008,-0.53743860896454
5142040,-0.12030493547387064
5147839,-0.020186074894623707
5604660,0.11599298634340394
5288934,-0.3653112871763461
5226683,-0.12733326374015802
5648186,0.0688434507548723
5477264,-0.10653545334151865
5425678,-0.3090340233814719
5477265,-0.6095878559798393
5212021,0.03316475807791497
5293169,-0.2835122403390089
5729607,-0.08388846877686826
5628901,-0.17825225689763816
5729609,0.2931884285063285
5451162,-0.40325521768887435
5418295,0.0005012905242525179
5648187,-0.4092144496868128
5418296,-0.053573152835498405
5451161,0.5037722798712442
5246832,-0.040300663823987365
5406267,-0.10144772702811464
5217286,-0.8071838677894523
5737469,-0.12029167282305603
5418298,0.18177899688808613
5477266,0.17119435291096963
5296858,0.07356175667568743
5418299,-0.07493452653389199
5477268,0.15683292787578412
5729928,-0.7461690820950608
5737559,-0.1882579258551605
5418305,-0.4669326062328907
5729844,-0.4827988297427858
5418301,0.10154171636882214
5154126,-0.3079614736341704
5280710,0.056397842272395526
5418302,-0.09161070826030304
5338000,0.5461418828490525
5418304,-0.506896399192612
5477269,-0.07850098883236106
5084645,0.011823961325065996
5737313,0.08929097919430909
5418306,-0.18355645059256834
5418303,0.3273646805053847
5406266,-0.06126505892764372
5483931,-0.6446920667940962
5667813,0.09093127855350157
5656195,-0.13203852058536447
5648190,-0.07637847330870795
5729610,0.2953087064223855
5662444,0.2824973495277829
5159769,-0.15939190523618965
5477270,-0.37766729933364246
5333656,0.3013063264563125
5349852,-0.005145406486749604
5629009,-0.0256171039729763
5648191,-0.17269228729167058
5344896,-0.28171209720035406
5293453,0.3761202270678134
5754083,0.05825307699860183
5280711,-0.2539632710568026
5737637,-0.5002091904115795
5754084,-0.20672042802054463
5662445,-0.3183479865145725
5418308,-0.09701464277630717
5477271,-0.021987216057482162
5737639,0.11121867699363883
5418307,-0.071891832980575
5737640,-0.6636063602462403
5293170,-0.319603523728052
5213043,-0.38051079395656956
5736393,0.08421842967082166
4667751,-0.08461064782519637
4667752,0.030109058285171436
4667757,-0.008286104510814435
4667771,0.11001271952071898
4667758,0.11218000871552361
4667764,-0.0353015029060581
4667765,0.032724404124339815
4667772,0.34306392070804115
4667777,0.2020838634460302
4667783,-0.1265840540849559
4667778,0.05111733424590552
4667784,-0.13352621612363802
4667798,0.13589069583173444
4667790,0.0084656935550462
4667799,-0.00366507298010485
4667804,0.0445085351635969
4667805,0.04803582754733775
4667812,-0.1553310373395426
4667813,0.0009954028154146588
4667819,0.0030645236412154553
4667825,0.11307608879251235
4667826,0.4319199530503094
4667820,0.10226669051013883
4667753,-0.1399532810528203
4667759,0.011209350432508064
4667760,-0.11898480396374514
4667754,0.07742887411916402
4667774,-0.09261084043926462
4667766,-0.1663585188177398
4667767,0.1051746134142366
4667773,-0.05409254475877103
4667786,-0.10514372184096596
4667780,0.0521511693583718
4667779,0.0618102354985431
4667785,0.05221568215618494
4667801,-0.01951900763570416
4667793,0.025928182081347895
4667800,0.133517998211741
4667792,-0.12659980825994122
4667815,-0.047353760055007715
4667807,0.05710989804912197
4667806,-0.07149262665703288
4667814,-0.18248223394319932
4667822,-0.11065965151945936
4667828,-0.07294471786023954
4667827,-0.05419150192299156
4667821,-0.012975899462628449
4667762,-0.14792531852523438
4667761,-0.05021264839785243
4667769,0.1324229636891523
4667768,-0.2331865082282158
4667756,0.24336101696048468
4667755,0.06040016531961594
4667781,-0.13406995530843754
4667782,-0.10679031785805138
4667787,0.2767231998192626
4667788,0.055673153163555256
4667776,-0.1773045952588475
4667775,-0.13936170924436206
4667808,-0.10832471993915613
4667809,0.08568916287184328
4667802,-0.04219693542019669
4667803,-0.08668045519175085
4667795,0.033178798838408935
4667794,-0.1298720507111379
4667829,-0.24761386913766945
4667830,-0.21782540693830996
4667823,-0.0017039303548864876
4667824,-0.09552365413112228
4667816,0.03351317056607388
4667817,0.16131003787869008
4653705,0.14176126485225676
4653711,-0.004581120497272051
4653703,0.07789409544769421
4653706,-0.06197901183903656
4653712,0.08797061136415302
4653704,-0.24385875969240983
4653713,0.022442837372091344
4653714,0.153664335109995
4653710,-0.04795007964130636
4653709,0.061703220522163676
4653708,-0.008551897089218344
4653707,-0.047255769561426825
4653717,-0.2643055702850251
4653716,0.10704176002825719
4653715,0.008975861749386697
4653718,-0.23541531393901957
4653843,-0.127514944225659
4653842,-0.06967236947918565
4653846,0.19808056305155744
4653847,-0.17703687935601578
4653844,-0.06273807053973275
4653845,0.0460038577587044
4653848,-0.14525850146383462
4653849,-0.02714395391203437
4653851,-0.1427686383495239
4653853,-0.16407886612320455
4653852,-0.20817879314736484
4653854,-0.01737239601055179
4653855,-0.020182640829691706
4653856,0.20707828442726364
4653857,-0.14286513050225497
4653858,0.08707160197789256
6278448,0.13292516664880083
6280194,0.11211683495116992
6280195,0.009874231948433343
6040333,-0.20135028164698227
6280204,0.12939519688315715
5181874,0.10836368264035182
6040344,-0.061385268381694946
6040274,-0.2836140465087144
6040259,-0.2727176610544781
5181813,-0.008480105835277696
5181880,0.03827234689237463
5181825,-0.07766320737582655
5181861,-0.27876487499547203
5181862,-0.2008041497525851
5181826,0.04379916132336387
5181812,0.21759377265528868
6040332,0.23552213886326057
6040260,0.11660532920551914
6040236,-0.18742416359555075
6040345,0.13067047203564197
5924776,-0.06596971068791957
