comp,utc,ng,ματς,R_h,R_a,υψομ,vadj,diff,λ,p1X2,P1_HFA60,fair_line,αρχικη_AH,Crown,Crown_fair_H,Crown_edge_H,Crown_fair_A,Crown_edge_A,Crown_1X2,1X2_edge_1,1X2_edge_2,SBOBET,SBOBET_1X2,νεκρη,PICK_χαρτι,SBOBET_fair_H,SBOBET_edge_H,SBOBET_fair_A,SBOBET_edge_A
AFCONQ,2026-09-24 13:00,3001068,Namibia - Congo,1325,1196,0,0,209,1.87-0.86,59/27/15,56,-1.00 @2.15,-0.25,-0.00 1.77/2.05,1.27,+28%,4.66,-43%,2.38/2.96/2.76,+39%,-60%,—,2.33/2.82/2.96,,,,,,
AFCONQ,2026-09-24 16:00,3001045,DR Congo - Equatorial Guinea,1696,1347,0,82,511,2.99-0.51,87/9/3,86,-1.50 @1.48,-1.50,-1.50 1.94/1.88,1.48,+29%,3.1,-40%,1.24/4.65/9.80,+8%,-66%,-1.50 2.05/1.79,1.28/4.30/9.00,,"FAV 1 -1.50 @1.94 (Crown, +29%) · 1Χ2 φαβ γηπ ≥75% @1.24",1.48,+37%,3.1,-43%
AFCONQ,2026-09-24 16:00,3001056,Mauritania - Central African Republic,1387,1228,0,-26,213,1.67-0.63,59/26/14,57,-1.00 @2.15,-0.75,-0.75 1.98/1.84,1.65,+18%,2.54,-28%,1.73/3.15/4.45,+2%,-36%,—,1.71/3.13/4.59,,"FAV 1 -0.75 @1.98 (Crown, +18%)",,,,
AFCONQ,2026-09-24 16:00,3001080,Libya - Botswana,1397,1275,0,0,202,1.88-0.90,58/27/15,55,-1.00 @2.19,-0.75,-0.75 1.76/2.06,1.7,+2%,2.42,-16%,1.53/3.45/5.60,-12%,-15%,—,1.55/3.32/5.70,,,,,,
AFCONQ,2026-09-24 19:00,3001020,Ivory Coast - Ghana,1739,1562,0,17,274,2.09-0.76,66/23/11,64,-1.00 @1.79,-0.75,-0.75 1.77/2.05,1.5,+16%,2.99,-32%,1.54/3.50/5.40,+2%,-41%,-0.75 1.79/2.05,1.56/3.41/5.30,,"FAV 1 -0.75 @1.77 (Crown, +16%)",1.5,+18%,2.99,-32%
AFCONQ,2026-09-24 19:00,3001044,Sierra Leone - Zimbabwe,1350,1388,0,-52,-9,1.07-1.11,31/34/35,29,+0.00 @2.07,-0.00,-0.00 1.77/2.05,2.07,-11%,1.94,+3%,2.38/2.95/2.77,-25%,-4%,—,2.46/2.79/2.80,,,,,,
AFCONQ,2026-09-24 19:00,3001069,Cameroon - Comoros,1597,1416,0,160,421,2.61-0.57,81/14/5,79,-1.50 @1.7,-1.25,-1.25 1.89/1.93,1.7,+10%,2.43,-22%,1.32/4.20/8.00,+7%,-56%,-1.25 1.89/1.95,1.32/4.06/8.40,,1Χ2 φαβ γηπ ≥75% @1.32,1.7,+10%,2.43,-21%
AFCONQ,2026-09-24 19:00,3001081,Tunisia - Uganda,1576,1440,0,0,216,2.02-0.98,59/26/14,57,-1.00 @2.09,-1.00,-1.25 1.97/1.85,2.72,-29%,1.58,+15%,1.37/4.05/6.90,-19%,-2%,-1.00 1.75/2.09,1.40/3.85/6.70,,"DOG 2 +1.25 @1.85 (Crown, +15%)",2.09,-13%,1.92,+6%
AFCONQ,2026-09-25 13:00,3001113,Mozambique - Senegal,1381,1800,0,-121,-460,0.58-2.81,4/11/84,4,+1.50 @2.68,—,—,,,,,7.60/4.65/1.33,-67%,+12%,—,,,1Χ2 φαβ εκτος ≥75% @1.33,,,,
AFCONQ,2026-09-25 13:00,3001129,Tanzania - Guinea-Bissau,1389,1269,0,0,200,1.87-0.90,58/27/15,55,-1.00 @2.2,—,—,,,,,2.38/2.96/2.93,+37%,-55%,—,,,,,,,
AFCONQ,2026-09-25 15:00,3000997,Niger - Lesotho,1409,1265,0,0,224,1.97-0.88,61/26/14,58,-1.00 @2.05,—,—,,,,,1.67/3.55/4.55,+1%,-38%,—,,,,,,,
AFCONQ,2026-09-25 16:00,3001008,Malawi - South Sudan,1314,1175,0,0,219,1.90-0.84,60/26/14,57,-1.00 @2.08,—,—,,,,,1.59/3.55/5.20,-5%,-27%,—,,,,,,,
AFCONQ,2026-09-25 16:00,3001021,Gambia - Somalia,1452,927,0,216,821,4.09-0.15,97/2/1,97,-1.50 @1.12,—,—,,,,,1.12/7.10/16.00,+9%,-88%,—,,,1Χ2 φαβ γηπ ≥75% @1.12,,,,
AFCONQ,2026-09-25 16:00,3001093,Togo - Burundi,1377,1307,0,0,151,1.67-0.94,51/30/19,49,-0.75 @1.89,—,—,,,,,1.54/3.65/5.60,-21%,+5%,—,,,,,,,
AFCONQ,2026-09-25 16:00,3001104,Sudan - Ethiopia,1369,1294,0,0,155,1.69-0.94,52/30/19,49,-0.75 @1.87,—,—,,,,,1.76/3.30/4.40,-9%,-19%,—,,,,,,,
AFCONQ,2026-09-25 16:00,3001117,Rwanda - Liberia,1317,1325,110,0,182,1.79-0.91,55/28/16,53,-0.75 @1.77,—,—,,,,,1.76/3.30/4.40,-3%,-28%,—,,,,,,,
AFCONQ,2026-09-25 16:00,3001128,Nigeria - Madagascar,1756,1402,0,214,647,3.57-0.43,93/5/2,92,-1.50 @1.27,—,—,,,,,1.17/5.90/12.50,+9%,-78%,—,,,1Χ2 φαβ γηπ ≥75% @1.17,,,,
AFCONQ,2026-09-25 19:00,3001009,Egypt - Angola,1734,1499,0,79,394,2.56-0.65,79/15/6,77,-1.50 @1.79,—,—,,,,,1.38/4.15/7.40,+9%,-54%,—,,,1Χ2 φαβ γηπ ≥75% @1.38,,,,
AFCONQ,2026-09-25 19:00,3001057,Burkina Faso - Benin,1549,1443,0,147,333,2.50-0.88,73/19/8,71,-1.50 @2.02,—,—,,,,,1.46/3.80/6.60,+6%,-45%,—,,,,,,,
AFCONQ,2026-09-25 19:00,3001092,Algeria - Zambia,1736,1435,0,119,501,2.98-0.55,86/10/4,85,-1.50 @1.5,—,—,,,,,1.22/5.20/11.00,+5%,-60%,—,,,1Χ2 φαβ γηπ ≥75% @1.22,,,,
AFCONQ,2026-09-25 19:00,3001116,Mali - Cape Verde,1606,1606,0,97,177,1.92-1.06,55/29/17,52,-0.75 @1.79,—,—,,,,,1.94/3.05/3.85,+6%,-35%,—,,,,,,,
AFCONQ,2026-09-25 20:00,3000996,Morocco - Gabon,1857,1462,0,159,634,3.56-0.48,93/5/2,92,-1.50 @1.29,—,—,,,,,1.16/6.20/12.50,+8%,-76%,—,,,1Χ2 φαβ γηπ ≥75% @1.16,,,,
AFCONQ,2026-09-26 13:00,3001032,South Africa - Guinea,1584,1462,0,-74,128,1.67-1.05,48/31/21,46,-0.75 @1.99,—,—,,,,,,,,—,,,,,,,
AFCONQ,2026-09-26 13:00,3001033,Kenya - Eritrea,1371,1354,110,0,208,1.92-0.91,58/27/15,56,-1.00 @2.15,—,—,,,,,,,,—,,,,,,,
AFCONQ,2026-09-28 16:00,3001046,Equatorial Guinea - Sierra Leone,1347,1350,0,33,110,1.51-0.98,46/32/22,43,-0.75 @2.08,—,—,,,,,,,,—,,,,,,,
AFCONQ,2026-09-28 16:00,3001047,Zimbabwe - DR Congo,1388,1696,0,-63,-292,0.69-2.11,10/21/69,9,+1.50 @1.8,—,—,,,,,,,,—,,,,,,,
AFCONQ,2026-09-28 16:00,3001059,Central African Republic - Burkina Faso,1228,1549,0,-124,-366,0.56-2.33,7/16/77,6,+1.50 @2.12,—,—,,,,,,,,—,,,,,,,
AFCONQ,2026-09-28 19:00,3001083,Botswana - Tunisia,1275,1576,0,0,-221,0.69-1.76,13/25/61,12,+1.00 @1.92,—,—,,,,,,,,—,,,,,,,
AFCONQ,2026-09-29 11:00,3001070,Comoros - Namibia,1416,1325,0,0,171,1.77-0.94,54/29/17,51,-0.75 @1.81,—,—,,,,,,,,—,,,,,,,
AFCONQ,2026-09-29 13:00,3000998,Lesotho - Morocco,1265,1857,0,0,-512,0.53-3.01,3/9/88,3,+1.50 @3.1,—,—,,,,,,,,—,,,,,,,
AFCONQ,2026-09-29 13:00,3001011,South Sudan - Egypt,1175,1734,0,0,-479,0.50-2.82,4/10/86,4,+1.50 @2.84,—,—,,,,,,,,—,,,,,,,
AFCONQ,2026-09-29 13:00,3001094,Burundi - Algeria,1307,1736,0,0,-349,0.64-2.33,7/17/75,7,+1.50 @2.04,—,—,,,,,,,,—,,,,,,,
AFCONQ,2026-09-29 13:00,3001106,Ethiopia - Senegal,1294,1800,0,0,-425,0.59-2.65,5/13/82,5,+1.50 @2.46,—,—,,,,,,,,—,,,,,,,
AFCONQ,2026-09-29 13:00,3001107,Mozambique - Sudan,1381,1369,0,0,92,1.45-1.01,44/32/24,41,-0.75 @2.18,—,—,,,,,,,,—,,,,,,,
AFCONQ,2026-09-29 13:00,3001131,Madagascar - Tanzania,1402,1389,0,0,93,1.47-1.02,44/32/24,41,-0.75 @2.17,—,—,,,,,,,,—,,,,,,,
AFCONQ,2026-09-29 16:00,3001022,Ghana - Gambia,1562,1452,0,58,248,2.15-0.95,63/24/12,61,-1.00 @1.91,—,—,,,,,,,,—,,,,,,,
AFCONQ,2026-09-29 16:00,3001082,Uganda - Libya,1440,1397,0,0,123,1.60-1.00,48/31/21,45,-0.75 @2.01,—,—,,,,,,,,—,,,,,,,
AFCONQ,2026-09-29 16:00,3001095,Zambia - Togo,1435,1377,0,-26,111,1.55-1.01,46/32/22,44,-0.75 @2.07,—,—,,,,,,,,—,,,,,,,
AFCONQ,2026-09-29 16:00,3001118,Cape Verde - Rwanda,1606,1317,0,0,369,2.38-0.59,76/17/7,75,-1.50 @1.88,—,—,,,,,,,,—,,,,,,,
AFCONQ,2026-09-29 16:00,3001130,Guinea-Bissau - Nigeria,1269,1756,0,-116,-523,0.50-3.03,3/9/88,3,+1.50 @3.21,—,—,,,,,,,,—,,,,,,,
AFCONQ,2026-09-29 19:00,3000999,Gabon - Niger,1462,1409,0,57,190,1.88-0.96,56/28/16,54,-0.75 @1.75,—,—,,,,,,,,—,,,,,,,
AFCONQ,2026-09-29 19:00,3001023,Somalia - Ivory Coast,927,1739,0,-291,-1023,0.15-4.98,0/1/99,0,+1.50 @17.86,—,—,,,,,,,,—,,,,,,,
AFCONQ,2026-09-29 19:00,3001058,Benin - Mauritania,1443,1387,0,4,140,1.67-0.99,50/31/20,47,-0.75 @1.94,—,—,,,,,,,,—,,,,,,,
AFCONQ,2026-09-29 19:00,3001071,Congo - Cameroon,1196,1597,0,-187,-508,0.45-2.91,3/9/87,3,+1.50 @3.09,—,—,,,,,,,,—,,,,,,,
AFCONQ,2026-09-29 19:00,3001119,Liberia - Mali,1325,1606,0,0,-201,0.72-1.70,15/27/59,13,+1.00 @1.81,—,—,,,,,,,,—,,,,,,,
AFCONQ,2026-09-30 16:00,3001034,Eritrea - South Africa,1354,1584,0,0,-150,0.76-1.49,18/30/52,17,+0.25 @2.12,—,—,,,,,,,,—,,,,,,,
AFCONQ,2026-10-01 16:00,3001035,Guinea - Kenya,1462,1371,0,78,249,2.11-0.91,63/24/12,61,-1.00 @1.91,—,—,,,,,,,,—,,,,,,,
