comp,utc,ματς,ΔElo,κοντινο,T_μοντ,T_μαζι,T_παλιο,ΔElo_A,T_A,T_AV,PICK_over,PICK_over_A,PICK_over_AV
NL A,2026-10-02T18:45,France - Italy,174,,3.24,3.23,2.78,203,3.38,3.3,,,
NL B,2026-10-02T18:45,Bosnia and Herzegovina - Sweden,81,ναι,2.59,2.69,2.53,130,2.66,2.71,,,
NL B,2026-10-02T18:45,Ukraine - Northern Ireland,148,ναι,2.72,2.79,2.76,69,2.55,2.52,,,
NL C,2026-10-03T13:00,Finland - Albania,26,ναι,2.1,2.22,2.42,47,2.19,2.15,,,
NL A,2026-10-03T16:00,Croatia - England,152,,2.54,2.45,2.62,185,2.6,2.64,,,
NL C,2026-10-03T16:00,Belarus - San Marino,629,,3.75,4.32,3.5,587,3.51,3.54,,,
NL C,2026-10-03T16:00,Estonia - Luxembourg,40,ναι,2.03,2.25,2.45,68,2.0,2.06,,,
NL C,2026-10-03T16:00,Iceland - Bulgaria,186,,2.64,2.84,2.82,233,2.7,2.71,,,
NL A,2026-10-03T18:45,Spain - Czechia,458,,3.9,3.92,3.3,541,4.05,4.08,,,
NL B,2026-10-03T18:45,North Macedonia - Scotland,169,,2.51,2.66,2.69,212,2.41,2.57,,,
NL B,2026-10-03T18:45,Switzerland - Slovenia,238,,2.73,2.71,2.92,259,2.81,2.8,,,
NL D,2026-10-04T13:00,Azerbaijan - Lithuania,28,ναι,1.99,2.25,2.5,10,2.09,1.95,,,
NL B,2026-10-04T16:00,Kosovo - Austria,139,ναι,2.41,2.42,2.55,141,2.5,2.43,,,
NL D,2026-10-04T16:00,Malta - Andorra,200,,2.32,2.7,2.85,136,2.5,2.52,,,
NL A,2026-10-04T18:45,Greece - Germany,159,,2.83,2.88,2.63,197,2.86,2.92,,,
NL A,2026-10-04T18:45,Netherlands - Serbia,244,,3.08,3.14,2.92,349,3.35,3.32,,,
NL A,2026-10-04T18:45,Portugal - Norway,106,ναι,3.25,3.26,2.67,108,3.37,3.26,,,
NL A,2026-10-04T18:45,Wales - Denmark,157,,2.54,2.59,2.6,225,2.63,2.65,,,
NL B,2026-10-04T18:45,Ireland - Israel,91,ναι,2.9,3.08,2.69,115,2.95,2.93,,,
NL C,2026-10-05T16:00,Cyprus - Latvia,65,ναι,2.55,2.92,2.65,125,2.65,2.66,,,
NL A,2026-10-05T18:45,France - Belgium,136,ναι,3.39,3.37,2.76,185,3.18,3.16,,,
NL A,2026-10-05T18:45,Italy - Turkiye,76,ναι,3.26,3.37,2.63,172,3.13,3.08,,,
NL B,2026-10-05T18:45,Bosnia and Herzegovina - Poland,67,ναι,2.5,2.61,2.46,57,2.47,2.45,,,
NL B,2026-10-05T18:45,Northern Ireland - Georgia,4,ναι,2.12,2.2,2.44,34,2.25,2.12,,,
NL B,2026-10-05T18:45,Romania - Sweden,150,,2.38,2.47,2.62,247,2.54,2.6,,,
NL B,2026-10-05T18:45,Ukraine - Hungary,20,ναι,2.6,2.65,2.52,9,2.56,2.46,,,
NL C,2026-10-05T18:45,Montenegro - Armenia,99,ναι,2.69,2.97,2.67,137,2.79,2.73,,,
NL C,2026-10-06T14:00,Kazakhstan - Faroe Islands,15,ναι,2.08,2.34,2.5,59,1.97,1.96,,,
NL A,2026-10-06T18:45,Croatia - Spain,319,,2.95,2.81,2.87,346,3.05,3.04,,,
NL A,2026-10-06T18:45,England - Czechia,291,,3.31,3.34,3.05,380,3.45,3.52,,,
NL B,2026-10-06T18:45,Scotland - Slovenia,34,ναι,2.68,2.8,2.6,34,2.68,2.66,,,
NL B,2026-10-06T18:45,Switzerland - North Macedonia,373,,3.3,3.4,3.17,437,3.37,3.44,,,
NL C,2026-10-06T18:45,Albania - San Marino,698,,4.19,4.78,3.72,763,4.11,4.28,,,
NL C,2026-10-06T18:45,Belarus - Finland,43,ναι,2.26,2.44,2.45,129,2.38,2.4,,,
NL C,2026-10-06T18:45,Estonia - Iceland,230,,2.59,2.8,2.8,289,2.5,2.68,,,
NL C,2026-10-06T18:45,Luxembourg - Bulgaria,4,ναι,2.04,2.24,2.48,12,2.17,2.06,,,
NL C,2026-10-06T18:45,Moldova - Slovakia,315,,2.86,3.14,2.95,336,2.66,2.87,,,
