mid,temp,rain,wind,gust,station,km
4315272,26.75,0.0,3.8,,40180,14.3
3714270,29.15,,20.15,33.3,40180,14.3
3714277,22.4,,9.0,22.2,40180,14.3
3714279,16.7,,7.0,11.1,40180,14.3
3780907,14.5,,7.55,22.2,40180,14.3
4315144,25.3,0.0,12.05,18.5,40155,6.3
4010236,24.1,0.0,5.5,13.0,40155,6.3
4010179,25.8,0.0,19.799999999999997,31.5,40155,6.3
4010240,16.65,0.0,9.25,18.5,40155,6.3
3714282,28.5,,16.6,35.2,40155,6.3
3714287,24.0,,15.700000000000001,27.8,40155,6.3
3714291,19.0,,2.7,18.5,40155,6.3
4947108,24.0,0.0,22.0,37.0,17601,12.5
4947211,24.5,0.0,16.0,25.9,17601,12.5
4947248,17.5,0.0,5.5,14.8,17601,12.5
4947235,,,,,17601,12.5
4622277,18.35,0.0,4.5,9.3,17601,12.5
4622278,20.0,0.0,4.5,14.8,17601,12.5
4622279,14.8,0.0,11.2,16.7,17601,12.5
4695844,11.2,0.0,9.2,24.1,17601,12.5
4737743,14.35,0.0,6.5,18.5,17601,12.5
4315132,25.55,0.0,8.5,14.8,17601,12.5
4315134,23.799999999999997,0.0,6.5,14.8,17601,12.5
4315140,15.95,0.0,3.6,11.1,17601,12.5
4010310,23.6,0.0,13.9,25.9,17601,13.4
4948048,23.0,0.0,6.5,16.7,17609,6.0
4948049,23.5,0.0,14.0,25.9,17609,6.0
4948050,13.0,0.0,12.0,14.8,17609,6.0
5206225,,,,,17609,6.0
4315148,22.5,0.0,7.6,18.5,17609,6.0
4010293,29.5,0.0,10.3,22.2,17609,6.0
4010299,24.0,0.0,13.0,29.6,17609,6.0
4010301,24.0,0.0,8.3,22.2,17609,6.0
4060642,6.75,0.0,10.3,16.7,17609,6.0
4128782,15.5,0.0,3.6,24.1,17609,6.0
4947997,25.5,0.0,16.0,27.8,17609,35.4
4947996,19.0,0.0,16.0,22.2,17609,35.4
4947998,13.0,0.0,12.0,14.8,17609,35.4
5141723,,,,,17609,35.4
4622229,25.5,0.0,6.5,20.4,17609,35.4
4622212,21.5,0.0,13.0,16.7,17609,35.4
4622210,17.8,0.0,13.9,22.2,17609,35.4
4622227,9.95,0.0,10.3,16.7,17609,35.4
4622228,15.3,,18.4,16.7,17609,35.4
4622211,14.0,0.0,18.4,22.2,17609,35.4
4695836,9.3,0.0,7.6,18.5,17609,35.4
4695840,9.0,0.0,24.0,24.1,17609,35.4
4010306,26.0,0.0,6.5,16.7,17609,35.4
4010314,21.0,0.0,9.399999999999999,16.7,17609,35.4
4010322,28.0,0.0,10.3,27.8,17609,35.4
4010325,24.0,0.0,13.0,29.6,17609,35.4
4010329,19.6,0.0,7.6,18.5,17609,35.4
3714307,21.0,,4.5,18.5,17609,35.4
3714423,23.5,,3.6,16.7,17609,35.4
3714310,23.5,,2.7,22.2,17609,35.4
3714427,21.05,,5.6,16.7,17609,35.4
3714314,15.5,,7.4,16.7,17609,35.4
3714430,12.6,,5.4,16.7,17609,35.4
4948065,22.0,0.0,13.0,,16597,7.2
4948064,,,,,16597,7.2
4948063,,,,,16597,7.2
4948017,,,,,08495,4.4
4948018,,,,,08495,4.4
4948019,,,,,08495,4.4
3714409,25.8,,20.35,29.6,08495,0.0
3714414,17.4,,20.5,35.2,08495,0.0
3714417,15.55,,19.45,40.8,08495,0.0
4622193,21.65,0.0,10.3,,08391,9.5
4622195,17.75,0.0,5.6000000000000005,,08391,9.5
4622194,12.8,0.0,3.6,,08391,9.5
4695838,21.15,0.0,0.0,,08391,9.5
4737731,17.7,0.0,10.3,,08391,9.5
4737750,19.5,0.0,11.0,,08391,9.5
4737759,21.0,0.0,9.0,,08391,9.5
4315131,34.45,0.0,12.1,,08391,9.5
4315135,15.0,0.0,8.3,,08391,9.5
4315139,9.35,0.0,7.3999999999999995,,08391,9.5
4384282,13.8,0.0,12.1,,08391,9.5
4010535,24.6,0.0,14.8,29.6,08391,9.5
4010538,29.55,0.0,10.3,16.7,08391,9.5
4010542,18.0,0.0,10.3,20.4,08391,9.5
4128639,21.75,0.0,27.7,33.3,08391,9.5
3714186,29.5,,2.7,18.5,08391,9.5
3714190,27.5,,8.5,24.1,08391,9.5
3714194,11.25,,7.4,20.4,08391,9.5
3780887,14.95,,6.5,14.8,08391,9.5
3835590,18.55,,8.5,20.4,08391,9.5
4315021,23.5,0.0,13.9,,08391,7.4
4315024,17.700000000000003,1.8,13.9,,08391,7.4
4315029,17.85,0.0,15.700000000000001,,08391,7.4
4010157,27.85,0.0,20.35,31.5,08391,7.4
4010159,27.15,0.0,15.7,25.9,08391,7.4
4010232,24.75,0.0,10.3,18.5,08391,7.4
4060622,12.4,0.0,11.2,20.4,08391,7.4
4128627,16.25,0.0,15.700000000000001,27.8,08391,7.4
4140614,23.1,0.0,14.8,33.3,08391,7.4
4140622,15.65,1.3,4.7,20.4,08391,7.4
3714070,23.4,,24.1,33.3,08391,7.4
3714077,17.8,,17.65,24.1,08391,7.4
3714078,7.5,,7.6,14.8,08391,7.4
3780878,14.8,,5.6,11.1,08391,7.4
3835598,19.0,,14.799999999999999,29.6,08391,7.4
3846466,29.25,,18.55,29.6,08391,7.4
4947798,,,,,08391,8.8
4947797,,,,,08391,8.8
4947799,,,,,08391,8.8
4947796,,,,,08391,8.8
5206102,,,,,08391,8.8
5206169,,,,,08391,8.8
4947230,26.0,0.0,6.0,,16718,16.2
4947228,18.5,0.0,14.0,,16718,16.2
4947121,19.0,2.0,27.0,,16718,16.2
4947170,,,,,16718,16.2
5161873,,,,,16718,16.2
4622077,24.5,0.0,11.2,,16718,16.2
4622076,14.7,0.0,12.100000000000001,,16718,16.2
4622079,11.7,,0.0,,16718,16.2
4622078,12.4,0.0,8.5,,16718,16.2
4737594,17.6,0.0,2.7,,16718,16.2
4315070,24.0,0.0,0.0,,16718,16.2
4315073,22.5,0.0,6.5,,16718,16.2
4315080,15.2,0.0,5.6,,16718,16.2
4384283,11.5,0.0,8.3,,16718,16.2
4430926,14.4,0.0,2.7,,16718,16.2
4446443,22.0,0.0,18.55,,16718,16.2
4446452,19.0,0.0,0.0,,16718,16.2
4010547,26.5,0.0,9.399999999999999,,16718,16.2
4010548,19.0,0.0,8.5,,16718,16.2
4010555,19.0,0.0,0.0,,16718,16.2
3714245,23.5,0.0,2.7,,16718,16.2
3714251,18.2,0.0,0.0,,16718,16.2
3714253,9.5,0.0,4.7,,16718,16.2
3780881,7.5,0.0,12.05,,16718,16.2
4315152,18.299999999999997,0.0,11.1,,16716,10.1
4948024,21.15,0.0,5.5,,16716,15.6
4948023,17.3,0.0,9.15,,16716,15.6
4948025,11.399999999999999,0.0,3.7,,16716,15.6
5206230,,,,,16716,15.6
5206265,,,,,16716,15.6
4315096,23.5,0.0,7.4,,16716,15.6
4315100,18.15,0.0,7.45,,16716,15.6
4315101,16.15,0.0,3.6500000000000004,,16716,15.6
4446454,20.85,0.0,3.7,,16716,15.6
4947896,20.9,0.0,18.549999999999997,31.5,16741,17.6
4947895,15.1,1.5999999999999999,18.5,29.6,16741,17.6
4947894,13.75,0.0,8.4,35.2,16741,17.6
4947893,,,,,16741,17.6
5161884,,,,,16741,17.6
5206094,,,,,16741,17.6
4622262,19.15,0.0,22.25,,16741,17.6
4622263,14.05,0.0,4.550000000000001,13.0,16741,17.6
4622264,12.45,0.0,5.5,18.5,16741,17.6
4695841,6.800000000000001,0.0,21.05,51.8,16741,17.6
4737737,13.05,0.0,6.5,33.3,16741,17.6
4315142,25.5,0.0,7.4,,16741,17.6
4315145,20.700000000000003,0.0,8.350000000000001,,16741,17.6
4947188,,,,,08536,4.5
4947168,,,,,08536,4.5
4947186,,,,,08536,4.5
4947119,,,,,08536,4.5
5161859,,,,,08536,4.5
4621569,21.0,0.0,16.6,33.3,08536,4.5
4621598,21.5,0.0,10.3,14.8,08536,4.5
4621600,8.5,,9.4,27.8,08536,4.5
4621537,16.5,3.4000000000000004,31.5,38.9,08536,4.5
4723911,14.0,0.0,9.399999999999999,24.1,08536,4.5
4737555,13.0,0.1,5.4,22.2,08536,4.5
4315056,19.5,0.0,13.0,22.2,08536,4.5
4315061,19.5,0.0,12.100000000000001,33.3,08536,4.5
4315064,17.0,0.0,16.6,22.2,08536,4.5
4384259,14.0,0.0,12.2,33.3,08536,4.5
4446407,24.5,0.0,9.4,20.4,08536,4.5
4430803,10.5,0.0,27.85,44.5,08536,4.5
4010176,20.5,0.0,11.2,27.8,08536,4.5
4010178,20.0,0.0,19.45,27.8,08536,4.5
4010238,18.5,0.0,12.1,25.9,08536,4.5
4060603,16.0,0.8,22.3,25.9,08536,4.5
4140598,15.5,0.0,14.0,33.3,08536,4.5
3714049,18.5,,25.0,33.3,08536,4.5
3714051,19.0,,13.9,22.2,08536,4.5
3714056,11.5,,14.8,33.3,08536,4.5
3780916,14.899999999999999,,8.1,14.8,08536,4.5
3846347,10.149999999999999,,17.450000000000003,24.1,08536,4.5
4947226,,,,,08536,2.4
4947215,,,,,08536,2.4
4947191,,,,,08536,2.4
4947157,,,,,08536,2.4
5205736,,,,,08536,2.4
5205795,,,,,08536,2.4
4621628,24.5,0.0,19.45,24.1,08536,2.4
4621497,18.0,0.0,5.6,13.0,08536,2.4
4621605,13.5,0.0,6.8,13.0,08536,2.4
4621630,10.0,0.0,24.15,51.8,08536,2.4
4723898,14.0,0.0,13.9,37.0,08536,2.4
4315119,28.5,0.0,9.200000000000001,25.9,08536,2.4
4315124,14.5,0.0,2.7,14.8,08536,2.4
4315127,10.0,0.0,11.2,22.2,08536,2.4
4430808,13.5,0.0,19.45,27.8,08536,2.4
4384258,12.5,0.0,13.0,40.8,08536,2.4
4010184,21.5,0.6,30.6,40.8,08536,2.4
4010188,19.0,0.0,24.1,27.8,08536,2.4
4010191,14.0,0.0,12.1,20.4,08536,2.4
4060618,15.5,0.0,16.6,22.2,08536,2.4
4128630,17.0,0.0,15.700000000000001,33.3,08536,2.4
4140616,17.0,0.0,11.2,25.9,08536,2.4
3714023,20.5,,14.8,25.9,08536,2.4
3714028,11.5,,4.5,27.8,08536,2.4
3714031,12.0,,25.0,33.3,08536,2.4
3780915,10.6,,5.4,20.4,08536,2.4
4010242,29.75,0.0,15.700000000000001,,08284,9.2
4010247,21.6,0.30000000000000004,15.7,,08284,9.2
4010250,22.7,0.0,10.3,,08284,9.2
4010581,8.5,0.0,13.0,7.4,17090,3.8
4010584,9.0,0.0,16.6,13.0,17090,3.8
4010589,3.0,0.0,8.3,5.5,17090,3.8
4128785,6.3,0.0,16.6,9.3,17090,3.8
4948067,15.0,0.0,10.0,,UDYZ0,11.3
4948068,8.5,0.0,4.0,,UDYZ0,11.3
4948066,4.5,0.0,6.0,,UDYZ0,11.3
5141720,,,,,UDYZ0,11.3
4622293,15.5,0.0,4.5,,UDYZ0,11.3
4622294,0.5,0.0,2.7,,UDYZ0,11.3
4622292,2.0,,1.8,,UDYZ0,11.3
4010677,20.5,0.0,2.7,,UDYZ0,11.3
4010678,24.0,0.0,22.3,,UDYZ0,11.3
4010685,11.5,0.0,6.5,,UDYZ0,11.3
3714272,19.0,0.3,21.25,,UDYZ0,11.3
3714274,8.0,0.0,4.5,,UDYZ0,11.3
3714280,3.0,0.0,3.6,,UDYZ0,11.3
4947971,,,,,08223,10.5
4947969,,,,,08223,10.5
4947970,,,,,08223,10.5
5206226,,,,,08223,10.5
5206268,,,,,08223,10.5
5206261,,,,,08223,10.5
4947246,16.0,0.0,30.0,,37864,19.2
4947115,15.0,0.0,9.0,,37864,19.2
4947233,,,,,37864,19.2
4947198,,,,,37864,19.2
5161865,,,,,37864,19.2
4622114,19.5,0.0,22.15,,37864,19.2
4622112,12.5,0.0,7.6,,37864,19.2
4622113,7.75,0.7,9.2,,37864,19.2
4622115,7.85,0.0,21.95,,37864,19.2
4315154,23.0,0.0,9.399999999999999,,37864,19.2
4315159,18.8,0.0,36.55,,37864,19.2
4315164,6.9,0.0,23.75,,37864,19.2
4384262,4.75,0.1,5.6,,37864,19.2
4430813,7.0,0.6,29.15,,37864,19.2
4010546,19.5,0.0,9.399999999999999,,37864,19.2
4010551,20.0,3.0,9.399999999999999,,37864,19.2
4010554,13.25,0.0,7.4,,37864,19.2
4060632,2.2,0.0,14.600000000000001,,37864,19.2
3714424,15.0,,13.0,,37864,19.2
3714429,7.0,,13.0,,37864,19.2
3780906,9.7,,16.4,,37864,19.2
3714421,23.5,,16.6,,37864,12.6
4947194,,,,,08221,4.4
4947206,,,,,08221,4.4
4947127,,,,,08221,4.4
4947204,,,,,08221,4.4
5161870,,,,,08221,4.4
5205741,,,,,08221,4.4
5205794,,,,,08221,4.4
5205813,,,,,08221,4.4
4621519,15.55,0.0,5.6000000000000005,13.0,08221,4.4
4621570,15.55,0.0,2.7,13.0,08221,4.4
4621572,6.45,,5.6,11.1,08221,4.4
4621560,10.55,0.0,13.9,16.7,08221,4.4
4737558,9.35,0.0,21.35,24.1,08221,4.4
4315034,28.55,0.0,9.4,16.7,08221,4.4
4315038,6.65,0.0,8.3,16.7,08221,4.4
4315042,6.3,0.0,2.7,14.8,08221,4.4
4384188,13.0,0.0,3.8,11.1,08221,4.4
4446281,16.7,0.0,17.65,16.7,08221,4.4
4010138,25.1,0.0,17.65,,08221,4.4
4010145,23.85,0.0,6.5,,08221,4.4
4010147,18.6,0.0,11.2,,08221,4.4
3714010,20.65,,11.2,,08221,4.4
3714014,18.35,,2.7,,08221,4.4
3714018,2.95,,6.5,,08221,4.4
3780918,8.95,,5.4,,08221,4.4
3846344,15.3,,12.1,,08221,4.4
4947120,,,,,08221,11.8
4947118,,,,,08221,11.8
4947116,,,,,08221,11.8
4947122,,,,,08221,11.8
5161860,,,,,08221,11.8
5205731,,,,,08221,11.8
5205791,,,,,08221,11.8
4621548,22.0,0.0,8.5,16.7,08221,11.8
4621529,17.85,0.0,6.5,13.0,08221,11.8
4621544,13.649999999999999,0.0,2.7,11.1,08221,11.8
4621546,10.15,0.6000000000000001,15.700000000000001,14.8,08221,11.8
4723901,11.3,0.0,8.5,11.1,08221,11.8
4737550,9.55,1.9,8.5,14.8,08221,11.8
4737572,9.85,0.0,17.6,25.9,08221,11.8
4315008,23.85,0.0,25.0,33.3,08221,11.8
4315015,11.0,0.0,10.3,16.7,08221,11.8
4315016,12.45,0.0,15.700000000000001,22.2,08221,11.8
4384192,7.65,0.0,4.5,13.0,08221,11.8
4446283,12.0,0.0,10.3,14.8,08221,11.8
4446290,21.1,0.0,0.0,13.0,08221,11.8
4010212,22.049999999999997,0.0,13.0,,08221,11.8
4010153,22.4,0.0,5.4,,08221,11.8
4010215,18.4,0.0,10.3,,08221,11.8
4060605,12.3,0.0,8.5,,08221,11.8
4140606,23.35,0.0,11.2,,08221,11.8
4140596,14.25,0.0,23.95,,08221,11.8
3714037,20.549999999999997,,6.5,,08221,11.8
3714040,10.5,,22.3,,08221,11.8
3714044,11.05,,37.099999999999994,,08221,11.8
3780929,10.05,,7.6,,08221,11.8
3846342,10.3,,5.6,,08221,11.8
3846448,16.75,,7.4,,08221,11.8
4622284,19.5,0.0,22.15,,37864,37.4
4622283,7.75,0.7,9.2,,37864,37.4
4622285,9.75,,21.950000000000003,,37864,37.4
4947825,24.0,0.0,11.5,,16622,10.4
4947826,13.8,0.0,4.0,,16622,10.4
4947827,,,,,16622,10.4
4947824,,,,,16622,10.4
5161885,,,,,16622,10.4
4622067,20.0,0.0,2.7,,16622,10.4
4622066,17.5,0.0,5.4,,16622,10.4
4622065,10.8,,25.0,,16622,10.4
4622064,6.6,0.0,7.2,,16622,10.4
4723940,7.7,0.0,8.5,,16622,10.4
4315351,19.5,0.0,9.4,,16622,10.4
4315348,14.7,0.0,7.6,,16622,10.4
4315350,10.8,0.0,3.6,,16622,10.4
4430931,15.6,0.0,23.200000000000003,,16622,10.4
4446446,15.5,0.0,15.7,,16622,10.4
3714410,19.0,,14.8,,16622,10.4
3714415,16.7,,5.4,,16622,10.4
3714419,9.4,,10.1,,16622,10.4
3780909,4.6,,3.6,,16622,10.4
3835640,5.0,,4.5,,16622,10.4
3846482,11.5,,5.6,,16622,10.4
4947225,16.0,0.0,13.0,,16253,26.6
4947196,13.0,0.0,5.0,,16253,26.6
4947239,,,,,16253,26.6
4947113,,,,,16253,26.6
4315011,20.7,0.0,4.5,,16253,26.6
4315014,14.5,0.0,5.4,,16253,26.6
4315018,12.399999999999999,0.0,4.5,,16253,26.6
4384178,8.4,0.0,3.6,,16253,26.6
4010119,24.8,0.0,3.6,,16253,26.6
4010126,21.200000000000003,0.0,6.5,,16253,26.6
4010128,17.0,0.0,3.6,,16253,26.6
4060609,10.4,0.0,19.450000000000003,,16253,26.6
4140603,12.8,0.2,6.5,,16253,26.6
3714224,23.5,0.0,3.25,,16253,26.6
3714226,19.0,0.4,11.2,,16253,26.6
3714230,8.0,0.0,14.8,,16253,26.6
3780885,7.2,0.0,5.6,,16253,26.6
4947810,18.05,0.0,21.25,,LTBX0,14.8
4947811,16.7,0.0,9.55,,LTBX0,14.8
4947809,13.2,0.0,7.95,,LTBX0,14.8
4947808,2.8,,14.8,,LTBX0,14.8
5161886,,,,,LTBX0,14.8
4622057,19.95,0.0,17.5,,LTBX0,14.8
4622055,11.45,0.0,13.7,,LTBX0,14.8
4622058,,,,,LTBX0,14.8
4622056,7.199999999999999,0.0,8.1,,LTBX0,14.8
4723938,1.7000000000000002,0.0,5.05,,LTBX0,14.8
4737591,6.6,0.0,16.950000000000003,,LTBX0,14.8
4315290,19.65,0.0,18.35,,LTBX0,14.8
4315321,20.85,0.0,25.9,,LTBX0,14.8
4315323,13.9,0.0,25.2,,LTBX0,14.8
4430930,8.3,0.3,6.699999999999999,,LTBX0,14.8
4446447,11.85,0.0,10.05,,LTBX0,14.8
4010294,20.1,0.0,17.65,,LTBX0,14.8
4010298,15.8,0.0,18.549999999999997,,LTBX0,14.8
4010302,14.1,0.0,14.95,,LTBX0,14.8
4128635,8.65,0.0,17.1,,LTBX0,14.8
3714248,15.149999999999999,0.0,18.0,,LTBX0,14.8
3714249,12.0,0.0,6.3,,LTBX0,14.8
3714256,10.15,0.0,9.899999999999999,,LTBX0,14.8
3780900,7.95,0.0,10.45,,LTBX0,14.8
4010651,22.5,0.0,9.4,,17038,5.6
4010655,18.0,0.0,11.2,,17038,5.6
4010660,16.95,0.0,6.5,,17038,5.6
4060634,2.1,0.0,4.7,,17038,5.6
5206177,,,,,LTBX0,19.7
4622124,15.4,0.0,11.5,,LTBX0,19.7
4622126,10.95,0.0,25.200000000000003,,LTBX0,19.7
4622127,8.5,0.0,4.85,,LTBX0,19.7
4315268,17.25,0.0,18.5,,LTBX0,19.7
4315287,12.05,0.0,17.6,,LTBX0,19.7
4315298,8.95,0.0,13.5,,LTBX0,19.7
3714022,19.5,0.2,9.350000000000001,,LTBX0,19.7
3714026,12.95,0.0,11.2,,LTBX0,19.7
3714030,8.7,0.0,17.799999999999997,,LTBX0,19.7
4140608,21.0,0.0,3.6,,17060,12.1
4947144,13.3,0.0,10.1,,LTBX0,22.4
4947224,15.75,0.0,6.1,,LTBX0,22.4
4947249,9.5,0.0,11.35,,LTBX0,22.4
4947207,2.1,,11.2,,LTBX0,22.4
5161867,,,,,LTBX0,22.4
5205737,,,,,LTBX0,22.4
4622101,17.75,0.0,12.1,,LTBX0,22.4
4622103,15.0,0.0,22.3,,LTBX0,22.4
4622100,11.7,0.0,23.55,,LTBX0,22.4
4622102,8.0,0.0,8.25,,LTBX0,22.4
4723949,-0.9,0.0,18.2,,LTBX0,22.4
4314997,20.15,0.0,17.1,,LTBX0,22.4
4315001,17.8,0.0,5.4,,LTBX0,22.4
4315004,13.0,10.1,24.85,,LTBX0,22.4
4384263,6.5,0.2,18.15,,LTBX0,22.4
3714197,20.2,0.0,9.0,,LTBX0,22.4
3714203,16.75,0.0,8.850000000000001,,LTBX0,22.4
3714205,7.45,0.0,10.6,,LTBX0,22.4
3835601,1.5,1.0,21.8,,LTBX0,22.4
4622201,20.1,0.0,7.4,,17060,17.1
4622202,11.0,0.0,11.2,,17060,17.1
4622200,8.25,,20.35,,17060,17.1
4010196,23.0,0.0,2.7,,17060,17.1
4010199,18.0,0.0,23.2,,17060,17.1
4010204,16.25,0.0,25.9,,17060,17.1
4128797,11.35,0.0,6.5,,17060,17.1
4947777,,,,,08545,11.9
4947778,,,,,08545,11.9
4947779,,,,,08545,11.9
4947776,,,,,08545,11.9
5206100,,,,,08545,11.9
5206167,,,,,08545,11.9
4622026,18.5,0.0,5.4,13.0,08545,11.9
4622029,15.0,0.2,12.100000000000001,24.1,08545,11.9
4622028,9.5,,10.3,46.3,08545,11.9
4622027,12.5,0.0,0.9,27.8,08545,11.9
4723944,14.0,0.0,17.65,20.4,08545,11.9
4314986,19.0,0.0,3.6,13.0,08545,11.9
4314991,12.5,0.0,10.3,14.8,08545,11.9
4314995,9.5,0.0,7.6,18.5,08545,11.9
4384177,14.0,0.0,16.6,24.1,08545,11.9
4010141,20.200000000000003,0.1,28.8,40.8,08545,11.9
4010142,15.5,0.0,9.399999999999999,14.8,08545,11.9
4010148,15.0,0.0,7.4,14.0,08545,11.9
4060613,11.0,0.0,1.8,9.3,08545,11.9
3714013,15.25,0.0,16.2,27.8,08545,11.9
3714015,20.15,0.0,10.8,24.1,08545,11.9
3714020,11.9,0.0,10.8,29.6,08545,11.9
3780892,11.4,0.0,1.8,9.3,08545,11.9
3835588,11.25,6.0,9.0,35.2,08545,11.9
4948042,15.35,0.0,5.5,,17031,7.8
4948044,13.45,0.0,1.85,,17031,7.8
4948043,9.149999999999999,1.0,7.25,,17031,7.8
5141727,,,,,17031,7.8
5206218,,,,,17031,7.8
4315267,14.5,0.0,11.2,16.7,13615,3.4
3846504,21.5,,2.7,11.1,13615,3.4
4947145,,,,,08181,11.6
4947148,,,,,08181,11.6
4621538,22.1,0.0,25.0,31.5,08181,11.6
4621509,19.05,0.0,8.5,11.1,08181,11.6
4621540,12.55,0.0,10.2,13.0,08181,11.6
4621536,11.149999999999999,0.0,5.6,33.3,08181,11.6
4737563,14.35,0.0,14.8,29.6,08181,11.6
4737569,16.0,0.0,4.0,14.8,08181,11.6
4737576,17.0,0.0,16.0,29.6,08181,11.6
4314984,23.0,0.1,4.0,14.8,08181,11.6
4314988,21.45,0.0,20.35,38.9,08181,11.6
4314992,10.649999999999999,0.0,6.5,16.7,08181,11.6
4384186,11.1,0.0,8.3,14.8,08181,11.6
4446286,16.0,0.0,18.4,29.6,08181,11.6
4947146,,,,,08181,11.6
4947152,,,,,08181,11.6
5205734,,,,,08181,11.6
5205793,,,,,08181,11.6
4010163,26.9,0.0,8.5,18.5,08181,11.6
4010169,21.65,0.0,10.3,20.4,08181,11.6
4010172,22.35,0.0,2.7,13.0,08181,11.6
4060616,11.6,0.0,8.5,14.8,08181,11.6
3714046,26.65,,18.4,27.8,08181,11.6
3714050,21.85,,17.65,33.3,08181,11.6
3714055,13.0,,11.0,31.5,08181,11.6
3780884,16.35,,15.700000000000001,20.4,08181,11.6
3835600,13.2,,7.6,20.4,08181,11.6
3846457,17.4,,17.5,22.2,08181,11.6
4947772,15.5,0.0,40.0,,16242,23.0
4947773,20.0,0.0,31.5,,16242,23.0
4947774,,,,,16242,23.0
4947775,,,,,16242,23.0
5206101,,,,,16242,23.0
4622021,22.5,0.0,17.5,,16242,23.0
4622046,22.0,11.0,19.45,,16242,23.0
4622020,21.5,2.7,6.5,,16242,23.0
4622043,13.6,0.0,9.399999999999999,,16242,23.0
4622045,14.4,0.0,8.3,,16242,23.0
4622019,8.9,,9.4,,16242,23.0
4622044,13.5,0.0,13.8,,16242,23.0
4622018,9.5,0.0,7.4,,16242,23.0
4723952,13.8,0.0,6.5,,16242,23.0
4737592,8.85,0.0,5.4,,16242,23.0
4737593,15.15,0.0,13.9,,16242,23.0
4737720,14.05,,19.45,,16242,23.0
4315032,23.0,0.0,3.0,,16242,23.0
4315039,15.15,0.0,5.4,,16242,23.0
4315041,11.25,0.0,10.3,,16242,23.0
4384182,8.7,0.0,6.5,,16242,23.0
4315107,19.0,0.0,3.8,,16242,23.0
4315109,22.0,0.0,12.1,,16242,23.0
4315115,10.55,0.0,3.6,,16242,23.0
4384252,14.05,0.0,16.6,,16242,23.0
4430800,12.0,0.0,13.9,,16242,23.0
4446402,13.0,0.8,25.0,,16242,23.0
4446411,15.0,0.1,20.5,,16242,23.0
4010375,26.799999999999997,0.0,13.0,24.1,16242,23.0
4010534,26.55,1.6,13.0,31.5,16242,23.0
4010537,18.95,0.0,4.5,11.1,16242,23.0
4010381,16.45,0.0,7.6,13.0,16242,23.0
4010382,19.2,0.0,5.4,13.0,16242,23.0
4010543,17.8,0.0,16.6,24.1,16242,23.0
4060631,8.15,0.0,4.5,13.0,16242,23.0
4128632,14.9,0.0,19.45,25.9,16242,23.0
4140620,12.5,0.0,4.5,13.0,16242,23.0
4140623,17.0,0.0,18.4,25.9,16242,23.0
4060636,4.45,0.0,4.5,11.1,16242,23.0
4128786,12.95,0.0,18.55,29.6,16242,23.0
3714199,22.0,,6.5,13.0,16242,23.0
3714201,20.5,,10.3,25.9,16242,23.0
3714207,7.05,,8.5,16.7,16242,23.0
3780893,12.5,,10.3,14.8,16242,23.0
3714258,25.0,,16.6,29.6,16242,23.0
3714265,12.1,,6.5,13.0,16242,23.0
3714266,10.95,,8.3,20.4,16242,23.0
3835643,13.45,,3.6,11.1,16242,23.0
3846478,14.5,,6.5,11.1,16242,23.0
3846501,16.35,,14.8,18.5,16242,23.0
4621627,17.6,0.1,13.0,24.1,08184,8.5
4621653,15.950000000000001,0.0,5.6,13.0,08184,8.5
4621556,7.1,,9.399999999999999,9.3,08184,8.5
4621607,11.399999999999999,0.0,19.45,33.3,08184,8.5
4948053,15.5,0.0,5.5,9.3,13586,18.8
4948052,10.9,0.0,2.0,9.3,13586,18.8
4948051,,,,,13586,18.8
5141719,,,,,13586,18.8
4947886,,,,,08045,8.8
4947887,,,,,08045,8.8
4947888,,,,,08045,8.8
4947885,,,,,08045,8.8
5161893,,,,,08045,8.8
5206095,,,,,08045,8.8
5206170,,,,,08045,8.8
3714261,14.0,,11.2,11.1,15614,5.7
3714263,9.5,,3.6,7.4,15614,5.7
3714268,0.4,,4.5,9.3,15614,5.7
4315340,13.35,0.0,0.0,7.4,13389,1.1
4315331,5.800000000000001,0.0,0.0,7.4,13389,1.1
4315330,7.65,0.0,5.5,11.1,13389,1.1
4947123,16.0,0.0,4.0,,36870,1.3
4947251,8.5,0.0,4.0,,36870,1.3
4622233,13.0,0.0,1.8,,36870,1.3
4622232,1.5,0.0,5.4,,36870,1.3
4622231,-11.5,,5.4,,36870,1.3
3714420,24.5,,14.4,,36870,1.3
3714426,-15.0,,3.6,,36870,1.3
3714428,4.5,,5.4,,36870,1.3
4947178,,,,,08025,4.6
4947244,,,,,08025,4.6
4947159,,,,,08025,4.6
4947227,,,,,08025,4.6
4622143,13.8,0.0,5.6,11.1,08025,4.6
4622142,21.5,0.0,25.9,29.6,08025,4.6
4622145,16.1,0.0,17.5,24.1,08025,4.6
4622144,9.45,0.7,20.35,48.2,08025,4.6
4737600,8.1,0.0,8.3,24.1,08025,4.6
4737722,13.45,,8.350000000000001,16.7,08025,4.6
4737725,17.0,0.2,8.0,18.5,08025,4.6
4737728,16.0,0.0,23.0,29.6,08025,4.6
4947214,,,,,07650,24.1
4947182,,,,,07650,24.1
4947216,,,,,07650,24.1
4947142,,,,,07650,24.1
4315095,22.85,0.0,17.65,31.5,07650,24.1
4315097,21.0,0.0,25.9,33.3,07650,24.1
4315102,13.65,0.0,12.950000000000001,31.0,07650,24.1
4384266,14.2,0.0,9.200000000000001,35.2,07650,24.1
4430798,10.350000000000001,0.0,15.8,22.0,07650,24.1
4446408,10.85,0.0,50.05,79.6,07650,24.1
4446409,12.3,0.0,27.9,35.2,07650,24.1
4010183,24.15,0.0,10.3,24.1,07650,24.1
4010185,19.75,0.0,11.2,21.0,07650,24.1
4010192,16.9,0.0,4.5,11.1,07650,24.1
3714200,19.0,0.0,5.6,13.0,07650,24.1
3714204,10.7,0.0,24.1,44.0,07650,24.1
3714208,5.7,0.0,27.7,39.0,07650,24.1
3780898,13.15,0.0,18.55,37.0,07650,24.1
3835636,12.95,0.0,14.8,24.0,07650,24.1
3846481,14.2,0.0,15.7,31.5,07650,24.1
3846503,15.7,0.0,11.2,22.2,07650,24.1
4622075,17.0,0.0,13.0,18.5,07600,25.7
4622072,11.149999999999999,0.0,7.4,20.4,07600,25.7
4622074,7.95,0.0,11.2,14.8,07600,25.7
4622073,9.6,1.1,33.3,55.5,07600,25.7
4723950,16.05,0.0,10.2,20.4,07600,25.7
4737589,17.0,0.0,14.8,27.8,07600,25.7
4315057,20.2,0.0,4.7,11.1,07600,25.7
4315062,16.049999999999997,0.0,27.7,37.0,07600,25.7
4315065,18.2,0.0,23.049999999999997,37.0,07600,25.7
4384187,9.1,0.0,14.8,24.1,07600,25.7
4010308,24.4,0.0,14.8,25.9,07600,25.7
4010312,18.799999999999997,0.0,13.9,22.2,07600,25.7
4010315,13.65,1.1,23.200000000000003,53.7,07600,25.7
4128640,19.2,0.0,5.6,29.6,07600,25.7
3714175,18.7,0.0,5.45,13.0,07600,25.7
3714179,9.8,6.0,14.8,24.1,07600,25.7
3714183,12.850000000000001,2.0,58.3,61.1,07600,25.7
3780883,11.65,,27.7,31.5,07600,25.7
4948015,12.8,0.0,25.5,57.4,14648,0.0
4948016,,,,,14648,0.0
4948014,,,,,14648,0.0
5141716,,,,,14648,0.0
4315319,24.05,3.8,5.5,14.8,14648,0.0
4315306,17.5,0.0,3.7,11.1,14648,0.0
4315318,10.75,0.0,2.0,14.8,14648,0.0
4315084,21.5,0.0,4.5,16.7,07630,7.8
4315088,12.05,0.0,18.55,42.6,07630,7.8
4315089,10.149999999999999,2.2,11.2,18.5,07630,7.8
4384260,10.95,0.6,37.05,65.0,07630,7.8
4947876,,,,,07690,6.7
4947878,,,,,07690,6.7
4947877,,,,,07690,6.7
4947879,,,,,07690,6.7
4622155,19.45,0.0,8.5,13.0,07690,6.7
4622157,17.0,0.0,17.65,30.0,07690,6.7
4622154,11.35,0.0,15.7,24.0,07690,6.7
4622156,10.0,2.6,25.9,40.0,07690,6.7
4010267,28.549999999999997,0.0,27.7,41.0,07690,6.7
4010274,19.549999999999997,0.0,9.399999999999999,14.8,07690,6.7
4010276,20.55,0.0,0.0,5.5,07690,6.7
4128793,10.7,0.0,11.2,24.1,07690,6.7
4140639,15.2,0.0,6.5,24.1,07690,6.7
4947165,,,,,07690,19.8
4947221,,,,,07690,19.8
4947247,,,,,07690,19.8
4947203,,,,,07690,19.8
5161863,,,,,07690,19.8
4621541,19.35,0.0,8.3,14.8,07690,19.8
4621646,20.15,0.0,7.4,13.0,07690,19.8
4621601,14.149999999999999,0.0,10.3,18.0,07690,19.8
4621654,12.0,0.0,4.5,18.5,07690,19.8
4723910,11.0,0.0,7.3999999999999995,22.2,07690,19.8
4010652,30.9,0.0,34.4,42.6,07690,19.8
4010653,20.7,0.0,4.5,9.3,07690,19.8
4010659,14.75,4.4,14.799999999999999,26.0,07690,19.8
4060629,13.15,0.0,14.8,21.0,07690,19.8
3714174,21.5,0.0,8.3,18.5,07690,19.8
3714180,12.75,0.0,12.1,18.0,07690,19.8
3714182,10.05,0.4,16.6,25.9,07690,19.8
3835595,14.7,0.0,9.399999999999999,24.1,07690,19.8
4947941,9.5,0.0,6.5,,16170,6.8
4947940,,,,,16170,6.8
4947939,,,,,16170,6.8
5141730,,,,,16170,6.8
5206221,,,,,16170,6.8
5206264,,,,,16170,6.8
4622191,16.0,0.0,15.700000000000001,14.8,16170,6.8
4622192,13.05,0.0,6.5,,16170,6.8
4622190,8.2,,5.6000000000000005,,16170,6.8
4737738,11.6,1.0,9.2,,16170,6.8
4737753,15.4,,9.3,,16170,6.8
4737760,14.5,0.0,4.0,,16170,6.8
4315339,22.0,0.0,4.7,9.3,16170,6.8
4315336,19.5,0.2,8.5,18.5,16170,6.8
4315338,15.35,0.0,3.6,16.7,16170,6.8
4430933,15.9,0.0,7.4,14.8,16170,6.8
4446449,9.0,0.30000000000000004,10.100000000000001,22.2,16170,6.8
4446451,10.5,0.5,12.1,16.7,16170,6.8
4010194,28.1,0.0,15.7,24.1,16170,6.8
4010200,20.7,0.0,9.4,16.7,16170,6.8
4010201,20.4,0.0,2.7,11.1,16170,6.8
4060641,11.15,0.0,5.4,11.1,16170,6.8
4128784,14.5,0.0,7.4,13.0,16170,6.8
4140721,15.0,0.0,5.6,14.8,16170,6.8
4140636,15.5,1.5,9.399999999999999,20.4,16170,6.8
4948062,15.0,0.0,12.0,,15450,11.0
4948061,,,,,15450,11.0
4948060,,,,,15450,11.0
4947874,7.5,0.5,24.0,35.2,15420,6.8
4947875,14.0,0.0,4.0,9.3,15420,6.8
4947872,,,,,15420,6.8
4947873,,,,,15420,6.8
4622153,14.85,0.0,3.6,5.5,15420,6.8
4622152,1.15,0.0,3.6,3.7,15420,6.8
4622151,1.7000000000000002,0.0,1.8,5.5,15420,6.8
4622150,7.55,0.0,7.2,11.1,15420,6.8
4723948,-4.550000000000001,0.0,3.6,13.0,15420,6.8
4737590,8.35,0.0,3.6,9.3,15420,6.8
4010219,26.2,0.0,5.4,20.4,15420,6.8
4010223,14.3,0.0,9.0,13.0,15420,6.8
4010227,6.1,0.0,4.5,11.1,15420,6.8
4947883,14.05,0.0,7.95,,16132,4.5
4947884,7.15,0.0,2.35,,16132,4.5
4947880,,,,,16132,4.5
4947882,,,,,16132,4.5
5161891,,,,,16132,4.5
5206093,,,,,16132,4.5
5206168,,,,,16132,4.5
4621617,16.25,1.6,13.85,,16132,4.5
4621655,7.4,0.0,8.65,,16132,4.5
4621643,8.85,0.0,4.65,,16132,4.5
4621535,2.95,0.0,8.45,,16132,4.5
4622270,12.0,0.5,7.6,,13242,1.4
4622268,9.5,0.2,1.8,,13242,1.4
4622269,10.0,0.0,17.65,,13242,1.4
4695837,7.5,0.4,5.4,,13242,1.4
4737745,5.5,0.0,3.6,,13242,1.4
4947817,20.25,0.0,5.5,9.3,13274,2.3
4947816,10.5,0.0,11.0,22.2,13274,2.3
4947818,,,,,13274,2.3
4947819,,,,,13274,2.3
5161895,,,,,13274,2.3
4621599,23.35,0.0,7.0,14.8,13274,2.3
4621539,7.800000000000001,0.0,2.0,13.0,13274,2.3
4621645,9.75,0.0,4.0,13.0,13274,2.3
4621632,0.0,0.8,4.0,9.3,13274,2.3
4314974,17.7,0.0,4.0,11.1,13274,2.3
4314978,16.6,0.0,7.5,14.8,13274,2.3
4314983,14.55,0.0,9.0,24.1,13274,2.3
4010649,25.1,0.0,7.0,18.5,13274,2.3
4010654,18.5,0.0,4.0,7.4,13274,2.3
4010657,16.05,0.0,2.0,9.3,13274,2.3
3714234,28.45,,4.0,11.1,13274,2.3
3714242,9.6,,18.0,31.5,13274,2.3
3714240,15.5,,9.0,18.5,13274,2.3
3835593,4.7,,14.0,25.9,13274,2.3
4622053,19.049999999999997,0.30000000000000004,5.5,16.7,13274,1.2
4622052,15.95,0.0,7.0,16.7,13274,1.2
4622054,2.95,,5.5,11.1,13274,1.2
4622051,10.05,0.0,2.0,9.3,13274,1.2
4010269,24.049999999999997,0.0,5.5,13.0,13274,1.2
4010273,18.15,0.0,4.0,11.1,13274,1.2
4010277,10.55,0.0,9.0,16.7,13274,1.2
4060645,12.0,0.0,14.5,24.1,13274,1.2
3714309,13.1,,4.0,14.8,13274,1.2
3714311,16.3,,4.0,13.0,13274,1.2
3714317,6.699999999999999,,7.0,29.6,13274,1.2
3780912,8.7,,7.0,14.8,13274,1.2
3835648,4.0,,7.5,14.8,13274,1.2
4947134,20.5,0.0,9.0,22.2,16059,11.9
4947200,,,,,16059,11.9
4947202,,,,,16059,11.9
4947185,,,,,16059,11.9
5161868,,,,,16059,11.9
4621592,17.0,0.0,3.6,20.4,16059,11.9
4621594,17.0,0.0,5.4,11.1,16059,11.9
4621495,4.4,,8.5,9.3,16059,11.9
4621590,5.35,0.0,9.399999999999999,13.0,16059,11.9
4723904,7.0,0.0,2.8,11.1,16059,11.9
4010237,20.6,0.0,7.4,14.8,16059,11.9
4010177,18.9,0.0,5.4,11.1,16059,11.9
4010241,11.55,0.0,3.6,9.3,16059,11.9
4060617,9.25,0.0,10.3,13.0,16059,11.9
4128628,11.35,0.0,6.5,14.8,16059,11.9
4140615,11.0,0.0,8.5,25.9,16059,11.9
4140621,13.5,0.0,11.2,22.2,16059,11.9
3714085,19.5,,9.399999999999999,16.7,16059,11.9
3714089,8.7,,8.5,13.0,16059,11.9
3714092,0.8,,3.6,14.8,16059,11.9
3780927,8.75,,4.7,11.1,16059,11.9
4948011,17.0,0.0,8.0,,13116,20.6
4948013,,,,,13116,20.6
4948012,,,,,13116,20.6
5141731,,,,,13116,20.6
5206223,,,,,13116,20.6
4947128,17.85,0.0,12.0,20.4,16080,13.8
4947130,6.45,0.0,1.0,3.7,16080,13.8
4947124,,,,,16080,13.8
4947126,,,,,16080,13.8
5161862,,,,,16080,13.8
4621552,16.5,0.0,2.7,14.8,16080,13.8
4621504,16.5,0.0,4.7,13.0,16080,13.8
4621609,19.0,0.0,3.6,11.1,16080,13.8
4621502,6.5,0.0,1.8,3.7,16080,13.8
4621501,8.0,0.0,3.8,7.4,16080,13.8
4621620,2.9,,4.5,9.3,16080,13.8
4621622,6.8,0.0,1.8,7.4,16080,13.8
4621506,7.55,0.0,5.6,11.1,16080,13.8
4723907,4.55,0.0,13.0,20.4,16080,13.8
4737561,10.65,0.0,4.5,14.8,16080,13.8
4737574,13.95,1.3,16.7,40.8,16080,13.8
4737578,15.35,0.0,11.0,22.2,16080,13.8
4315044,26.65,0.0,4.0,13.0,16080,13.8
4315059,21.5,0.0,7.4,16.7,16080,13.8
4315060,15.0,0.0,3.6,13.0,16080,13.8
4315050,8.25,0.0,1.8,9.3,16080,13.8
4315052,10.0,0.0,19.450000000000003,31.5,16080,13.8
4315066,6.95,0.0,3.6,9.3,16080,13.8
4384180,10.0,0.0,3.6,9.3,16080,13.8
4384253,8.5,0.0,1.8,7.4,16080,13.8
4430810,9.3,0.0,5.7,13.0,16080,13.8
4446401,16.5,0.0,4.5,11.1,16080,13.8
4010164,25.65,0.0,6.5,22.2,16080,13.8
4010205,26.1,0.0,7.4,16.7,16080,13.8
4010168,17.65,0.0,2.7,7.4,16080,13.8
4010137,14.8,0.0,2.7,5.5,16080,13.8
4010171,21.35,0.0,2.7,11.1,16080,13.8
4010209,14.9,0.0,2.7,7.4,16080,13.8
4060606,4.45,0.0,1.8,7.4,16080,13.8
4060612,10.05,0.0,2.7,11.1,16080,13.8
4140599,18.0,0.0,13.0,24.1,16080,13.8
4140602,12.5,0.0,10.3,24.1,16080,13.8
4140604,14.0,0.0,6.5,18.5,16080,13.8
4140605,16.5,0.0,3.6,20.4,16080,13.8
3714035,23.5,,6.5,18.5,16080,13.8
3714012,20.0,,1.8,13.0,16080,13.8
3714039,11.5,,0.9,3.7,16080,13.8
3714016,12.2,,5.6,22.2,16080,13.8
3714042,7.15,,3.6,9.3,16080,13.8
3714021,3.5,0.0,6.5,13.0,16080,13.8
3780920,2.8,0.0,7.4,11.1,16080,13.8
4947179,18.5,0.2,7.0,18.5,16076,5.1
4947181,14.0,0.0,4.0,5.5,16076,5.1
4947111,,,,,16076,5.1
4947183,,,,,16076,5.1
5161872,,,,,16076,5.1
5205739,,,,,16076,5.1
4621583,17.5,0.0,9.399999999999999,14.8,16076,5.1
4621585,16.0,0.30000000000000004,5.6,11.1,16076,5.1
4621545,5.15,,3.6,13.0,16076,5.1
4621587,6.25,0.0,7.3999999999999995,11.1,16076,5.1
4723897,2.95,0.0,4.5,13.0,16076,5.1
4315117,19.0,0.0,10.3,18.5,16076,5.1
4315123,8.55,1.2,6.5,11.1,16076,5.1
4315125,4.0,0.0,5.4,9.3,16076,5.1
4430809,12.15,0.0,9.399999999999999,18.5,16076,5.1
4446404,10.0,0.0,3.6,22.2,16076,5.1
4446410,18.5,0.0,5.6000000000000005,20.4,16076,5.1
3714060,23.0,,4.5,14.8,16076,5.1
3714065,8.4,,9.4,14.8,16076,5.1
3714069,0.7,,6.5,11.1,16076,5.1
3780880,5.65,,2.7,16.7,16076,5.1
3835596,6.0,,9.4,16.7,16076,5.1
3846455,21.5,,11.2,18.5,16076,5.1
4947820,,,,,07480,6.4
4947822,,,,,07480,6.4
4947823,,,,,07480,6.4
4947821,,,,,07480,6.4
5206103,,,,,07480,6.4
4622085,16.15,0.0,18.7,27.8,07480,6.4
4622087,17.35,0.4,11.2,18.5,07480,6.4
4622084,1.1,0.0,6.5,7.4,07480,6.4
4622086,7.0,0.0,4.5,7.4,07480,6.4
4737598,5.5,0.0,11.2,13.0,07480,6.4
4737719,14.5,0.0,11.0,16.7,07480,6.4
3714164,17.4,0.0,11.2,24.1,07480,6.4
3714167,7.449999999999999,0.0,9.2,13.0,07480,6.4
3714172,3.05,0.0,5.6,9.3,07480,6.4
3835589,10.0,0.0,26.799999999999997,33.3,07480,6.4
3846459,17.25,0.0,9.4,18.5,07480,6.4
4947793,14.350000000000001,0.6,3.7,9.3,14236,2.9
4947795,8.15,0.0,3.7,11.1,14236,2.9
4947792,,,,,14236,2.9
4947794,,,,,14236,2.9
5161881,,,,,14236,2.9
4621638,13.85,5.2,7.2,13.0,14236,2.9
4621636,3.8,,4.55,11.1,14236,2.9
4621533,7.75,0.0,3.6500000000000004,11.1,14236,2.9
4621621,7.199999999999999,0.0,4.55,13.0,14236,2.9
4315297,20.6,0.0,3.6,14.8,14236,2.9
4315281,17.4,0.0,7.2,14.8,14236,2.9
4315309,7.05,0.0,3.6500000000000004,13.0,14236,2.9
4384290,12.1,0.0,17.4,33.3,14236,2.9
4430923,6.05,0.0,4.55,13.0,14236,2.9
4010132,28.45,0.0,9.0,14.8,14236,2.9
4010136,15.149999999999999,0.0,3.6,13.0,14236,2.9
4010208,15.3,0.0,3.6,9.3,14236,2.9
3714209,23.15,,9.0,25.9,14236,2.9
3714216,10.399999999999999,,3.6,13.0,14236,2.9
3714217,5.75,,3.6,11.1,14236,2.9
3780879,13.25,,9.0,14.8,14236,2.9
4622224,12.0,0.0,3.25,7.4,14014,15.5
4622226,4.65,0.0,3.1,13.0,14014,15.5
4622225,2.1,,5.25,7.4,14014,15.5
4695845,-1.45,0.0,0.7,9.3,14014,15.5
4315283,16.1,0.0,1.7999999999999998,11.1,14014,15.5
4315292,6.6,0.0,5.6,14.8,14014,15.5
4315295,1.35,0.30000000000000004,0.75,13.0,14014,15.5
4315106,20.0,2.5,18.55,49.0,06700,7.8
4315111,7.5,0.0,10.3,24.1,06700,7.8
4315113,4.2,1.8,3.6,12.0,06700,7.8
4384280,7.3,0.0,1.8,7.4,06700,7.8
4430919,4.9,0.0,10.2,22.0,06700,7.8
4948009,6.800000000000001,0.0,10.1,,13023,1.5
4948008,5.1,0.0,3.95,,13023,1.5
4948010,,,,,13023,1.5
5141729,,,,,13023,1.5
5206222,,,,,13023,1.5
4622280,12.3,0.0,1.6,,13023,1.5
4622282,8.3,0.3,4.300000000000001,,13023,1.5
4622281,7.55,0.0,6.300000000000001,,13023,1.5
4695832,5.75,0.0,4.5,,13023,1.5
4737735,4.0,0.0,2.7,,13023,1.5
4737752,6.05,0.0,5.05,,13023,1.5
4948059,12.3,0.0,9.0,22.0,06610,39.8
4948058,,,,,06610,39.8
4948057,,,,,06610,39.8
5141725,,,,,06610,39.8
3714319,22.4,,20.15,31.5,14026,9.1
3714322,15.25,,16.2,35.2,14026,9.1
3714326,1.7,,4.15,14.8,14026,9.1
4621613,10.8,0.0,2.7,5.8,11331,5.2
4621631,13.649999999999999,0.0,3.95,8.3,11331,5.2
4621662,5.15,0.0,3.8,7.9,11331,5.2
4621523,2.4,0.0,4.85,11.5,11331,5.2
3714273,14.65,0.0,5.199999999999999,15.5,11331,5.2
3714276,6.1,0.0,5.95,9.0,11331,5.2
3714281,-3.45,0.0,1.95,6.1,11331,5.2
4622257,10.5,0.8999999999999999,6.5,,LSZB0,21.0
4622256,4.0,0.0,8.5,,LSZB0,21.0
4622258,3.0,1.1,16.75,,LSZB0,21.0
4737736,6.35,0.0,11.149999999999999,,LSZB0,21.0
4010583,23.0,0.0,7.2,14.0,15120,1.1
4010586,12.95,0.0,3.6,11.0,15120,1.1
4010591,8.149999999999999,0.0,5.4,9.3,15120,1.1
4060637,8.2,0.0,5.4,14.0,15120,1.1
3714297,13.75,0.0,7.2,22.0,15120,1.1
3714299,14.05,0.0,5.4,18.0,15120,1.1
3714304,1.9500000000000002,0.0,10.8,22.0,15120,1.1
4315105,20.45,0.0,8.3,,33829,7.3
4315110,16.700000000000003,0.0,12.399999999999999,,33829,7.3
4315114,1.45,0.0,13.5,,33829,7.3
3714034,20.65,0.0,5.6,,33829,7.3
3714041,5.949999999999999,0.0,7.6,,33829,7.3
3714043,0.7,0.0,5.05,,33829,7.3
3780890,11.4,0.7,16.75,,33829,7.3
4947847,11.5,0.0,5.5,9.3,06632,23.4
4947846,12.05,,16.7,37.0,06632,23.4
4947844,,,,,06632,23.4
4947845,,,,,06632,23.4
4621648,16.5,0.0,19.450000000000003,48.2,06632,23.4
4621505,12.0,0.0,11.2,16.7,06632,23.4
4621586,3.0,0.0,3.7,3.7,06632,23.4
4621644,1.5,0.0,6.5,5.5,06632,23.4
4314972,20.5,0.0,8.0,25.9,06632,23.4
4314976,11.5,0.2,18.55,42.6,06632,23.4
4314980,2.0,0.0,8.5,16.7,06632,23.4
4384257,9.5,0.0,4.5,5.5,06632,23.4
3714058,24.0,,2.7,11.1,06632,23.4
3714062,15.0,,12.1,33.3,06632,23.4
3714067,4.0,,16.6,27.8,06632,23.4
4622273,16.05,0.0,13.0,22.2,33815,9.5
4622272,10.149999999999999,0.0,7.300000000000001,18.5,33815,9.5
4622271,0.15000000000000002,,16.45,,33815,9.5
4010307,23.85,0.0,12.05,25.9,33815,9.5
4010309,17.75,0.0,6.45,16.7,33815,9.5
4010316,10.75,0.0,10.95,24.1,33815,9.5
4060644,2.25,0.0,8.25,18.5,33815,9.5
4128792,14.399999999999999,0.0,16.4,33.3,33815,9.5
4947868,5.300000000000001,0.0,4.0,13.0,11240,5.7
4947870,5.949999999999999,0.0,4.0,5.4,11240,5.7
4947869,,,,,11240,5.7
4947871,,,,,11240,5.7
4315118,17.85,0.0,7.2,16.6,11240,5.7
4315122,13.25,0.0,5.4,9.4,11240,5.7
4315126,-0.35,0.0,5.4,7.6,11240,5.7
4384279,6.45,0.0,3.6,3.6,11240,5.7
4430924,3.65,0.0,10.8,18.4,11240,5.7
4010374,18.85,0.0,9.0,31.3,11240,5.7
4010379,17.8,0.0,7.2,18.4,11240,5.7
4010383,11.7,0.0,3.6,9.4,11240,5.7
3714176,15.75,0.0,12.600000000000001,20.5,11240,5.7
3714178,11.45,0.9,12.6,25.9,11240,5.7
3714184,-0.8500000000000001,0.0,3.6,9.4,11240,5.7
4010319,16.7,0.0,1.0,3.0,06990,0.9
4010326,13.100000000000001,3.8,7.5,21.0,06990,0.9
4010327,15.3,0.0,1.0,7.0,06990,0.9
4010545,17.2,0.8,14.8,25.9,07222,12.0
4010550,17.65,0.1,15.700000000000001,27.8,07222,12.0
4010553,15.95,0.0,4.5,14.8,07222,12.0
4060625,4.949999999999999,1.2,13.9,33.0,07222,12.0
4315286,15.5,1.4000000000000001,25.05,67.0,06670,11.8
4315299,11.649999999999999,0.6,11.2,36.0,06670,11.8
4315285,5.35,0.0,5.6,17.0,06670,11.8
4010258,18.25,0.0,7.6,15.0,06670,11.8
4010262,15.549999999999999,0.0,3.6,12.0,06670,11.8
4622259,3.75,0.0,15.5,39.0,06680,18.2
4622261,-7.949999999999999,0.0,11.5,72.0,06680,18.2
4622260,-3.8,0.0,22.5,38.0,06680,18.2
4010254,4.15,0.0,26.0,42.0,06680,18.2
4384286,7.65,0.0,4.3,38.9,12843,1.9
4430925,4.550000000000001,0.9,7.8,37.0,12843,1.9
4947833,12.7,0.0,7.4,30.0,12843,8.1
4947834,6.45,0.0,5.35,11.0,12843,8.1
4947832,,,,,12843,8.1
4947835,,,,,12843,8.1
5161888,,,,,12843,8.1
5206090,,,,,12843,8.1
4622060,11.85,2.1,3.5,12.0,12843,8.1
4622063,12.649999999999999,0.0,4.5,11.0,12843,8.1
4622062,4.75,0.0,4.0,21.0,12843,8.1
4622061,5.7,0.0,3.7,9.0,12843,8.1
4723943,0.15000000000000002,0.0,5.5,16.0,12843,8.1
4315337,24.95,0.0,7.2,20.0,12843,8.1
4315335,9.399999999999999,0.0,10.8,48.2,12843,8.1
4315333,5.7,0.0,4.15,40.8,12843,8.1
4384291,10.6,0.0,15.100000000000001,32.0,12843,8.1
4010650,21.25,5.1,3.6,13.0,12843,8.1
4010656,11.0,0.0,5.4,13.0,12843,8.1
4010658,12.9,0.0,3.6,10.0,12843,8.1
3714188,12.55,,3.6,11.1,12843,8.1
3714192,9.75,,7.6,16.7,12843,8.1
3714196,0.9,,7.2,16.7,12843,8.1
5205834,,,,,12840,5.3
4315149,0.2,4.2,10.3,25.9,12840,5.3
4128637,3.2,0.0,5.5,13.0,12840,5.3
4140625,20.85,0.0,4.7,13.0,12840,5.3
4947851,,,,,07299,10.2
4947850,,,,,07299,10.2
4947848,,,,,07299,10.2
4947849,,,,,07299,10.2
4010674,15.85,0.0,7.6,14.8,07299,10.2
4010679,13.05,0.0,9.399999999999999,13.0,07299,10.2
4010682,16.1,0.0,10.3,20.4,07299,10.2
4060635,8.2,0.0,10.3,18.0,07299,10.2
4128790,12.45,0.0,7.4,24.1,07299,10.2
4140635,7.6499999999999995,0.0,7.6,13.0,07299,10.2
4140723,14.600000000000001,0.0,7.4,22.2,07299,10.2
3714422,7.15,0.0,2.7,7.4,07299,10.2
3714425,12.8,0.0,13.899999999999999,33.3,07299,10.2
3714431,2.05,0.0,5.4,11.1,07299,10.2
3835637,10.600000000000001,0.0,25.0,41.0,07299,10.2
4622125,5.6,2.1,5.5,20.0,12882,7.8
4947800,11.05,0.7,5.5,9.4,11150,2.2
4947801,7.75,9.0,20.0,48.2,11150,2.2
4947803,4.15,0.0,4.0,7.6,11150,2.2
4947802,,,,,11150,2.2
4621640,16.45,0.0,5.4,11.2,11150,2.2
4621637,11.45,1.5,9.0,13.0,11150,2.2
4621578,1.9,0.0,9.0,9.3,11150,2.2
4621571,2.95,0.0,12.600000000000001,20.5,11150,2.2
4315058,24.05,0.0,9.2,18.4,11150,2.2
4315063,3.0,0.0,16.2,22.3,11150,2.2
4315067,5.5,0.1,18.0,29.5,11150,2.2
4010133,19.4,0.0,7.2,14.8,11150,2.2
4010134,17.05,0.0,9.0,13.0,11150,2.2
4010207,13.7,0.0,3.6,11.2,11150,2.2
4060623,5.75,0.0,7.2,13.0,11150,2.2
3714072,13.0,0.0,14.4,55.4,11150,2.2
3714074,16.1,0.0,5.4,13.0,11150,2.2
3714080,-2.0,0.0,3.6,11.2,11150,2.2
3780914,6.45,0.0,18.0,37.1,11150,2.2
3714260,10.5,0.0,10.8,,34601,9.1
3714264,11.8,0.0,9.0,,34601,9.1
3714269,6.0,0.0,12.600000000000001,,34601,9.1
4947858,10.0,0.0,5.5,9.3,10803,2.7
4947859,,,,,10803,2.7
4947856,,,,,10803,2.7
4947857,,,,,10803,2.7
5206099,,,,,10803,2.7
5206166,,,,,10803,2.7
5206175,,,,,10803,2.7
4315071,15.100000000000001,0.0,7.199999999999999,17.0,10803,2.7
4315075,12.0,0.0,20.15,40.0,10803,2.7
4315077,1.9500000000000002,1.8,3.7,9.3,10803,2.7
4384256,13.95,0.2,29.35,57.0,10803,2.7
4430806,3.35,0.0,4.0,11.0,10803,2.7
4010544,18.700000000000003,0.0,9.55,17.0,10803,2.7
4010549,14.8,0.0,4.3,10.0,10803,2.7
4010552,14.8,0.0,2.55,8.0,10803,2.7
4128636,12.2,0.0,4.5,24.0,10803,2.7
4315141,16.4,0.0,22.15,72.2,07130,5.1
4315147,9.0,0.0,15.700000000000001,40.8,07130,5.1
4315151,8.95,0.0,4.5,9.3,07130,5.1
4384254,7.45,0.0,23.200000000000003,50.0,07130,5.1
4010296,15.5,0.0,15.700000000000001,20.4,07130,5.1
4010297,12.1,0.0,1.8,9.3,07130,5.1
4010304,10.75,0.0,17.5,31.0,07130,5.1
4060627,7.300000000000001,0.4,17.5,30.0,07130,5.1
3714318,21.5,0.0,13.9,16.7,07130,5.1
3714324,7.75,0.6,9.399999999999999,15.0,07130,5.1
3714327,5.65,0.0,13.9,26.0,07130,5.1
3835639,11.2,0.0,19.45,30.0,07130,5.1
4010243,18.3,0.0,20.0,50.4,11035,10.2
4010248,12.3,0.0,7.0,11.2,11035,10.2
4010251,13.850000000000001,0.0,5.5,8.6,11035,10.2
4947949,7.5,0.0,12.0,22.2,11816,6.3
4947948,2.0,0.0,15.0,25.9,11816,6.3
4947950,2.4,0.0,4.6,18.5,11816,6.3
4621499,11.55,0.0,6.300000000000001,16.7,11816,6.3
4621639,5.300000000000001,0.0,10.8,20.4,11816,6.3
4621623,7.35,0.0,6.300000000000001,20.4,11816,6.3
4621652,-1.05,0.0,7.2,13.0,11816,6.3
4315261,20.95,0.0,14.4,25.9,11816,6.3
4315263,6.65,0.0,7.4,22.2,11816,6.3
4315293,6.6,0.0,7.2,24.1,11816,6.3
4384287,9.5,0.0,12.600000000000001,31.5,11816,6.3
4010675,18.3,0.0,14.4,24.1,11816,6.3
4010680,14.5,0.0,7.2,16.7,11816,6.3
4010683,10.75,0.0,9.0,13.0,11816,6.3
4128791,5.449999999999999,0.0,9.0,18.5,11816,6.3
3714408,25.5,,14.4,22.2,11816,6.3
3714413,15.2,,12.600000000000001,25.9,11816,6.3
3714416,3.7,,18.0,25.9,11816,6.3
4947951,14.95,1.0,34.5,79.0,11035,9.1
4947953,9.25,0.0,20.0,47.9,11035,9.1
4947952,,,,,11035,9.1
4622240,13.45,0.0,12.5,26.6,11035,9.1
4622239,6.3,0.0,29.0,54.0,11035,9.1
4622238,4.9,0.6000000000000001,5.5,19.1,11035,9.1
4737746,7.0,0.0,17.6,35.2,11035,9.1
4737757,18.7,,14.8,29.6,11035,9.1
3714210,24.35,0.0,9.0,21.2,11035,9.1
3714213,15.899999999999999,0.0,25.0,68.0,11035,9.1
3714218,3.0,0.0,7.5,14.0,11035,9.1
3780905,9.55,0.0,29.0,101.0,11035,9.1
4947101,15.9,0.0,5.949999999999999,15.0,10865,10.9
4947103,,,,,10865,10.9
4947105,,,,,10865,10.9
4947107,,,,,10865,10.9
5205740,,,,,10865,10.9
5205792,,,,,10865,10.9
5205812,,,,,10865,10.9
4621512,10.95,0.0,7.9,16.0,10865,10.9
4621510,7.8,0.0,3.4000000000000004,8.0,10865,10.9
4621508,7.6,0.0,7.550000000000001,17.0,10865,10.9
4621514,2.45,0.0,7.55,14.0,10865,10.9
4723903,-2.9000000000000004,0.0,12.45,28.0,10865,10.9
4737551,6.4,0.0,4.3,11.0,10865,10.9
4737570,9.0,0.0,8.1,19.0,10865,10.9
4737579,23.549999999999997,0.0,5.6,12.0,10865,10.9
4314996,17.9,0.0,6.1,13.0,10865,10.9
4315003,5.4,0.0,7.4,15.0,10865,10.9
4315005,0.55,0.0,7.95,16.0,10865,10.9
4384190,6.05,0.2,7.05,19.0,10865,10.9
4446280,2.8499999999999996,0.1,11.149999999999999,24.0,10865,10.9
4446289,20.45,0.0,8.45,18.0,10865,10.9
4010165,19.450000000000003,0.0,6.449999999999999,13.0,10865,10.9
4010167,14.649999999999999,0.0,7.75,17.0,10865,10.9
4010173,12.5,0.0,5.75,12.0,10865,10.9
4060615,8.55,1.4,23.75,61.0,10865,10.9
4140601,4.65,0.0,8.3,23.0,10865,10.9
3714048,11.1,0.7,13.3,45.0,10865,10.9
3714053,6.75,0.0,8.65,17.0,10865,10.9
3714057,0.4,0.6,4.65,10.0,10865,10.9
3780922,1.35,0.0,7.9,17.0,10865,10.9
3846346,14.35,0.0,7.9,18.0,10865,10.9
3835645,6.550000000000001,0.0,14.55,23.8,11389,2.7
4622196,10.5,0.0,7.2,13.0,11010,9.5
4622197,5.0,0.0,9.0,14.8,11010,9.5
4622198,4.15,2.0,9.0,27.7,11010,9.5
4315081,24.0,0.0,12.600000000000001,27.7,11010,9.5
4315087,3.6,0.0,5.4,9.4,11010,9.5
4315092,5.7,0.0,18.0,24.1,11010,9.5
4315328,11.5,0.0,4.55,13.0,11826,32.8
4315322,13.75,0.0,9.0,18.5,11826,32.8
4315342,0.15000000000000002,0.0,9.0,14.8,11826,32.8
4948003,,,,,D2546,8.8
4948002,,,,,D2546,8.8
4948004,,,,,D2546,8.8
5206231,,,,,D2546,8.8
5206266,,,,,D2546,8.8
5206270,,,,,D2546,8.8
4621663,17.25,0.0,20.35,29.6,07120,23.2
4621564,14.600000000000001,0.0,10.3,16.7,07120,23.2
4621634,6.35,,27.7,25.9,07120,23.2
4621549,7.0,0.3,4.5,20.4,07120,23.2
4723908,5.3,0.0,6.8,22.2,07120,23.2
4622218,9.8,0.0,15.850000000000001,,D7331,11.5
4622217,4.550000000000001,0.0,15.3,,D7331,11.5
4622219,4.1,0.8,25.9,,D7331,11.5
4695842,3.75,0.0,9.55,,D7331,11.5
4010320,18.450000000000003,0.8999999999999999,21.6,13.0,11968,4.4
4010323,14.75,0.0,3.6,11.1,11968,4.4
4010328,10.75,0.0,3.6,11.1,11968,4.4
4060643,5.85,0.0,7.2,14.8,11968,4.4
4947892,9.1,0.0,5.5,13.0,10739,5.3
4947889,,,,,10739,5.3
4947890,,,,,10739,5.3
4947891,,,,,10739,5.3
5161890,,,,,10739,5.3
5206092,,,,,10739,5.3
4621657,15.25,0.0,4.3,9.0,10739,5.3
4621588,6.1,0.0,5.949999999999999,11.0,10739,5.3
4621649,0.9,0.0,4.15,11.1,10739,5.3
4621580,5.0,0.0,7.6,13.0,10739,5.3
4947154,,,,,07149,16.2
4947102,,,,,07149,16.2
4947156,,,,,07149,16.2
4947158,,,,,07149,16.2
5161864,,,,,07149,16.2
5205729,,,,,07149,16.2
5205789,,,,,07149,16.2
5205811,,,,,07149,16.2
4621579,21.5,0.0,15.700000000000001,29.6,07149,16.2
4621577,10.149999999999999,0.0,2.7,7.4,07149,16.2
4621568,9.7,0.0,12.1,22.0,07149,16.2
4621493,8.0,6.0,13.0,39.0,07149,16.2
4723909,9.5,0.0,7.6,16.7,07149,16.2
4737554,8.5,0.0,0.0,9.3,07149,16.2
4737567,13.5,0.0,20.0,31.5,07149,16.2
4737577,12.5,0.0,15.0,27.8,07149,16.2
4315045,20.0,0.0,13.0,24.1,07149,16.2
4315049,11.95,0.0,12.1,18.5,07149,16.2
4315053,2.2,0.0,4.5,13.0,07149,16.2
4384179,12.4,0.0,7.6,16.7,07149,16.2
4446285,12.85,0.0,9.399999999999999,9.3,07149,16.2
4446288,15.95,0.0,19.45,29.6,07149,16.2
4010175,23.0,0.0,14.95,14.8,07149,16.2
4010180,13.5,0.0,13.0,16.7,07149,16.2
4010239,16.299999999999997,0.0,8.5,16.7,07149,16.2
4060614,6.9,0.0,3.6,11.1,07149,16.2
3714000,14.45,0.0,7.6,13.0,07149,16.2
3714003,18.799999999999997,0.0,9.399999999999999,22.2,07149,16.2
3714008,6.7,1.0,27.7,55.0,07149,16.2
3780921,9.05,0.0,26.799999999999997,54.0,07149,16.2
3846451,15.100000000000001,0.0,24.1,29.6,07157,16.6
4010268,20.9,1.0,14.4,31.5,11774,28.3
4010271,16.9,0.0,3.6,14.8,11774,28.3
4010275,12.95,0.0,10.8,22.2,11774,28.3
4622130,11.100000000000001,1.5,11.2,23.0,10733,6.3
4622129,6.0,0.0,10.8,20.0,10733,6.3
4622131,1.2999999999999998,0.0,9.9,21.0,10733,6.3
4622128,4.1,0.0,8.25,16.0,10733,6.3
4948041,11.55,1.9,29.0,68.0,11774,38.9
4948040,1.55,0.0,5.5,11.1,11774,38.9
4948039,0.05,0.0,5.5,13.0,11774,38.9
5141717,,,,,11774,38.9
5206219,,,,,11774,38.9
4947831,10.5,0.0,5.0,18.5,11448,12.4
4947829,0.5,0.0,2.0,18.5,11448,12.4
4947830,,,,,11448,12.4
4947828,,,,,11448,12.4
5161892,,,,,11448,12.4
4622122,9.5,0.0,4.5,16.7,11448,12.4
4622121,6.0,0.0,6.5,20.4,11448,12.4
4622120,-0.5,,3.6,16.7,11448,12.4
4622123,2.5,0.0,13.9,20.4,11448,12.4
4723951,1.0,0.0,4.0,7.4,11448,12.4
4737585,2.5,0.0,0.9,9.3,11448,12.4
4315266,18.0,0.0,4.5,9.3,11448,12.4
4315311,8.0,0.0,7.4,16.7,11448,12.4
4315310,4.5,0.0,6.5,13.0,11448,12.4
4430927,10.5,0.0,3.6,11.1,11448,12.4
4446445,17.0,0.0,4.5,16.7,11448,12.4
4010166,21.0,0.0,13.0,24.1,11448,12.4
4010170,9.0,0.0,0.9,9.3,11448,12.4
4010174,11.5,0.0,7.4,11.1,11448,12.4
4948000,10.8,0.0,27.0,,D3137,1.7
4947999,6.65,0.0,4.15,,D3137,1.7
4948001,8.55,0.0,14.75,,D3137,1.7
5206227,,,,,D3137,1.7
5206262,,,,,D3137,1.7
4947945,17.5,0.0,11.0,14.8,12566,8.3
4947947,7.3,0.0,10.0,18.5,12566,8.3
4947946,,,,,12566,8.3
5206224,,,,,12566,8.3
5206259,,,,,12566,8.3
5206267,,,,,12566,8.3
4010295,14.25,0.0,9.0,20.4,12566,8.9
4010300,11.75,0.0,7.2,18.5,12566,8.9
4010303,8.95,0.0,12.600000000000001,20.4,12566,8.9
4947197,18.6,0.0,4.300000000000001,10.0,10641,10.0
4947140,,,,,10641,10.0
4947180,,,,,10641,10.0
4947195,,,,,10641,10.0
4622024,15.55,3.7,19.95,50.0,10641,10.0
4622025,13.85,0.0,5.75,13.0,10641,10.0
4622022,6.85,0.0,4.15,9.0,10641,10.0
4622023,5.65,0.0,11.5,29.0,10641,10.0
4737595,4.699999999999999,0.7,5.6,13.0,10641,10.0
4737721,9.5,4.300000000000001,7.2,22.2,10641,10.0
4315349,22.549999999999997,0.0,7.0,14.0,10641,10.0
4315344,10.95,0.0,2.35,6.0,10641,10.0
4315346,0.15,0.0,1.95,7.0,10641,10.0
4384289,11.350000000000001,0.0,23.4,55.0,10641,10.0
4010181,25.6,0.0,7.0,20.0,10641,10.0
4010186,10.649999999999999,0.0,2.2,4.0,10641,10.0
4010189,13.3,0.0,3.25,9.0,10641,10.0
4060608,5.85,0.0,2.7,5.0,10641,10.0
3714246,16.4,0.0,3.6,16.0,10641,10.0
3714250,8.0,0.0,6.85,18.0,10641,10.0
3714254,2.6,0.0,7.550000000000001,16.0,10641,10.0
3835591,7.699999999999999,0.0,9.899999999999999,31.0,10641,10.0
3846456,11.35,0.0,30.95,64.0,10641,10.0
3846465,14.45,0.0,4.15,13.0,10641,10.0
4947222,15.5,0.0,18.0,31.5,11518,16.0
4947176,7.65,0.0,7.0,13.0,11518,16.0
4947234,0.25,0.1,16.0,27.8,11518,16.0
4947151,,,,,11518,16.0
4622031,10.2,0.0,14.4,24.1,11518,16.0
4622032,4.9,0.0,27.0,43.0,11518,16.0
4622034,-1.2,0.0,7.2,16.7,11518,16.0
4622033,1.85,0.0,12.600000000000001,16.7,11518,16.0
4315108,10.1,0.0,14.4,25.9,11518,16.0
4315112,8.6,0.0,10.8,24.1,11518,16.0
4315116,3.9499999999999997,0.1,14.4,22.2,11518,16.0
4430812,11.35,0.0,7.2,13.0,11518,16.0
4010582,14.55,0.0,10.8,22.2,11518,16.0
4010585,8.7,0.0,9.0,13.0,11518,16.0
4010590,7.05,0.0,5.4,16.7,11518,16.0
4140725,18.5,0.0,7.2,18.5,11518,16.0
3714283,15.65,10.0,18.0,24.1,11518,16.0
3714289,6.35,0.0,28.799999999999997,54.0,11518,16.0
3714290,1.0,0.0,10.8,18.5,11518,16.0
3780908,9.05,0.0,25.2,43.0,11518,16.0
3835644,2.7,0.0,18.0,31.5,11518,16.0
3846480,12.85,0.0,14.4,24.1,11518,16.0
4947957,6.75,0.0,5.5,16.7,11518,12.1
4947959,6.75,0.0,9.0,14.8,11518,12.1
4947958,1.65,0.0,7.4,14.8,11518,12.1
5206228,,,,,11518,12.1
4621641,19.85,0.0,18.0,40.0,11518,12.1
4621656,4.2,0.0,5.4,13.0,11518,12.1
4621573,5.45,0.0,14.4,24.1,11518,12.1
4621507,-2.0,0.0,10.8,18.5,11518,12.1
4315129,18.8,0.0,9.0,20.4,11518,12.1
4315133,11.2,0.0,12.6,20.4,11518,12.1
4315137,-1.7,0.0,7.2,16.7,11518,12.1
4430795,3.7,0.0,12.600000000000001,24.1,11518,12.1
4384264,9.55,0.0,30.6,37.0,11518,12.1
3714163,12.1,0.0,9.0,25.9,11518,12.1
3714165,10.399999999999999,0.0,32.4,50.0,11518,12.1
3714171,-0.7,0.6000000000000001,7.2,18.5,11518,12.1
3780904,5.25,0.0,34.2,54.0,11518,12.1
4948047,4.85,0.0,9.2,,EPKM0,11.2
4948045,-0.55,0.0,4.85,,EPKM0,11.2
4948046,4.8,0.0,12.45,,EPKM0,11.2
5206229,,,,,EPKM0,11.2
4315120,13.7,0.0,7.2,,EPKM0,11.2
4315121,12.899999999999999,0.0,12.600000000000001,,EPKM0,11.2
4315128,2.75,0.0,3.6,,EPKM0,11.2
4315022,14.5,0.0,15.700000000000001,25.9,07015,25.5
4315025,9.7,0.0,6.5,13.0,07015,25.5
4315031,10.3,0.6,17.5,35.0,07015,25.5
4384255,12.95,0.0,18.55,30.0,07015,25.5
4622254,12.3,0.0,18.0,24.1,11603,38.1
4622253,3.2,0.6,20.0,42.6,11603,38.1
4622255,-1.5,0.0,4.0,18.5,11603,38.1
3714047,14.5,,7.2,14.8,33345,4.7
3714036,10.0,,12.600000000000001,13.0,33345,4.7
3714038,0.0,,5.4,11.1,33345,4.7
3714052,7.7,,7.2,11.1,33345,4.7
3714054,-0.95,,7.2,11.1,33345,4.7
3714045,-0.05,,19.8,27.8,33345,4.7
4947787,,,,,07015,5.3
4947785,,,,,07015,5.3
4947784,,,,,07015,5.3
4947786,,,,,07015,5.3
5161887,,,,,07015,5.3
5206097,,,,,07015,5.3
4621547,12.5,0.0,15.700000000000001,24.1,07015,5.3
4621593,8.6,0.0,6.5,17.0,07015,5.3
4621642,3.95,0.0,18.4,13.0,07015,5.3
4621625,7.0,1.6,10.3,22.2,07015,5.3
4737557,6.0,0.2,11.2,18.5,07015,5.3
4315343,21.4,0.0,27.7,50.0,07015,5.3
4315260,13.4,0.0,7.6,22.2,07015,5.3
4315262,6.6,0.0,8.5,15.0,07015,5.3
4430932,13.4,0.0,14.799999999999999,28.0,07015,5.3
4446448,11.9,0.0,16.6,35.2,07015,5.3
3714071,20.05,0.0,2.7,13.0,07015,5.3
3714075,14.4,0.0,12.1,42.6,07015,5.3
3714079,7.15,0.0,0.9,11.1,07015,5.3
3780925,10.899999999999999,0.0,14.8,26.0,07015,5.3
3714294,13.95,0.0,5.5,14.8,11603,11.9
3714298,9.25,0.0,21.5,43.0,11603,11.9
3714302,0.0,0.0,5.5,14.8,11603,11.9
4947250,14.0,0.0,6.0,16.7,06451,18.1
4947131,12.45,,22.2,33.3,06451,18.1
4947217,,,,,06451,18.1
4947184,,,,,06451,18.1
4622147,14.25,1.8,12.600000000000001,25.9,06451,18.1
4622148,11.600000000000001,0.0,3.6,16.7,06451,18.1
4622146,5.4,0.0,7.2,9.3,06451,18.1
4622149,3.2,0.0,9.0,16.7,06451,18.1
4723946,11.0,0.0,13.0,29.6,06451,18.1
4315082,15.25,10.8,10.8,18.5,06451,18.1
4315085,10.85,0.7,9.0,14.8,06451,18.1
4315091,5.4,0.0,7.2,16.7,06451,18.1
4384281,14.3,0.0,14.4,24.1,06451,18.1
4430922,5.95,0.0,7.1,20.4,06451,18.1
4128634,10.8,0.0,18.0,24.1,06451,18.1
4140618,6.75,0.0,10.8,20.4,06451,18.1
4010217,19.35,1.1,9.2,31.5,06451,18.1
4010221,15.45,0.0,12.600000000000001,24.1,06451,18.1
4010225,18.9,0.0,12.600000000000001,27.8,06451,18.1
4060647,8.3,0.0,5.4,16.7,06451,18.1
4128794,11.1,1.2,21.6,37.0,06451,18.1
4140634,6.65,0.0,12.600000000000001,27.8,06451,18.1
4315094,13.5,0.0,8.5,16.7,03776,33.0
4315098,10.5,0.0,5.6,14.8,03776,33.0
4315104,4.5,0.0,2.7,16.7,03776,33.0
4430802,12.0,0.3,20.2,42.6,03776,33.0
4010663,15.05,0.0,9.0,20.4,06451,11.5
4010667,13.05,0.0,12.600000000000001,24.1,06451,11.5
4010671,11.0,0.2,23.4,35.2,06451,11.5
4622090,9.0,0.0,3.6,14.8,06451,14.3
4622088,6.25,0.0,9.0,14.8,06451,14.3
4622091,2.8499999999999996,,5.4,11.1,06451,14.3
4622089,6.75,0.5,26.4,50.0,06451,14.3
4723939,-0.05,0.0,3.6,20.4,06451,14.3
4010270,14.6,0.0,11.0,20.4,10502,18.4
4010272,10.100000000000001,0.0,7.0,14.8,10502,18.4
4010278,10.9,1.1,9.0,22.2,10502,18.4
4947910,11.1,0.0,9.0,22.0,06380,20.6
4947909,14.45,,20.35,38.9,06380,20.6
4947911,,,,,06380,20.6
4947912,,,,,06380,20.6
5161889,,,,,06380,20.6
5206091,,,,,06380,20.6
4315320,15.65,0.4,18.0,47.0,06380,20.6
4315341,10.399999999999999,0.0,10.8,18.0,06380,20.6
4315334,4.5,0.0,7.2,16.7,06380,20.6
3714211,11.85,0.0,14.4,25.0,06380,20.6
3714215,7.7,0.0,7.2,18.5,06380,20.6
3714219,3.75,0.0,19.8,33.3,06380,20.6
4622181,14.5,0.0,8.5,,06434,7.3
4622182,7.7,0.0,14.8,,06434,7.3
4622183,3.05,0.0,11.2,,06434,7.3
4695830,1.2,0.0,6.5,,06434,7.3
4315282,17.35,0.0,7.75,,06434,7.3
4315273,12.8,0.5,8.1,,06434,7.3
4315271,1.1,0.0,8.100000000000001,,06434,7.3
4384294,8.9,2.5,30.6,,06434,7.3
4010389,16.950000000000003,0.0,16.2,,06434,7.3
4010391,11.95,0.0,9.0,,06434,7.3
4010397,11.65,2.6999999999999997,18.2,,06434,7.3
4060633,6.8,0.0,18.0,,06434,7.3
4128796,10.5,2.2,12.6,,06434,7.3
4140633,12.25,0.0,18.0,,06434,7.3
3714308,14.25,0.0,12.600000000000001,,06434,7.3
3714312,8.100000000000001,0.0,9.0,,06434,7.3
3714316,4.9,0.0,14.4,,06434,7.3
3835641,3.9000000000000004,0.0,1.8,,06434,7.3
4947169,10.3,0.0,10.05,,D2968,5.8
4947155,11.95,0.0,13.1,,D2968,5.8
4947171,9.85,0.0,10.4,,D2968,5.8
4947167,,,,,D2968,5.8
5161874,,,,,D2968,5.8
5205743,,,,,D2968,5.8
4621559,11.25,0.0,7.9,,D2968,5.8
4621561,6.85,0.0,7.0,,D2968,5.8
4621503,,,,,D2968,5.8
4621563,5.5,0.2,10.649999999999999,,D2968,5.8
4737559,5.75,0.0,7.6,,D2968,5.8
4315153,17.4,10.0,20.15,,D2968,5.8
4315158,10.8,0.0,9.899999999999999,,D2968,5.8
4315163,4.699999999999999,0.0,11.35,,D2968,5.8
4430814,13.45,0.0,14.75,,D2968,5.8
4446412,17.85,0.0,8.25,,D2968,5.8
4446405,14.3,0.0,9.0,,D2968,5.8
4010140,19.5,1.8,4.5,,D2968,5.8
4010144,10.7,0.0,6.65,,D2968,5.8
4010149,14.5,0.0,14.2,,D2968,5.8
4060621,9.9,0.0,11.85,,D2968,5.8
4128629,11.100000000000001,0.0,15.15,,D2968,5.8
4140617,10.0,0.0,9.55,,D2968,5.8
4140624,14.9,0.0,13.7,,D2968,5.8
3714185,19.05,0.0,7.05,,D2968,5.8
3714191,6.95,0.0,6.85,,D2968,5.8
3714193,4.85,0.0,6.300000000000001,,D2968,5.8
3835597,8.2,0.0,7.95,,D2968,5.8
4947231,-20.75,0.0,24.4,,UACC0,11.4
4947193,,,,,UACC0,11.4
4315315,11.6,0.0,10.8,,UACC0,11.4
4315296,4.5,0.0,25.200000000000003,,UACC0,11.4
4315313,-3.0,0.0,36.0,,UACC0,11.4
4737763,12.5,0.0,14.0,25.9,12424,6.0
4947192,19.5,0.0,19.5,40.8,06407,21.9
4947147,,,,,06407,21.9
4947174,,,,,06407,21.9
4947190,,,,,06407,21.9
5161869,,,,,06407,21.9
4621531,18.15,0.0,18.0,35.2,06407,21.9
4621612,11.149999999999999,0.0,3.6,13.0,06407,21.9
4621610,4.7,,21.6,31.5,06407,21.9
4621591,-0.7,0.0,9.0,14.8,06407,21.9
4723896,5.35,0.0,9.0,14.8,06407,21.9
4737548,7.9,0.0,3.6,13.0,06407,21.9
4622243,13.6,0.0,19.8,31.5,06407,21.9
4622242,6.6,0.0,3.6,7.4,06407,21.9
4622241,6.65,0.0,28.8,46.3,06407,21.9
4737734,5.65,0.0,19.8,29.6,06407,21.9
4315317,10.35,0.0,9.0,14.8,06407,21.9
4315308,6.5,0.0,30.6,40.8,06407,21.9
4315316,7.0,0.0,14.4,18.5,06407,21.9
4430929,11.899999999999999,0.0,14.4,24.1,06407,21.9
4446442,13.5,0.0,14.4,27.8,06407,21.9
4446453,12.2,0.0,14.4,24.1,06407,21.9
4010139,17.5,0.0,12.600000000000001,18.5,06407,21.9
4010143,14.899999999999999,0.0,18.0,24.1,06407,21.9
4010146,16.85,0.0,18.0,42.6,06407,21.9
4060602,5.1,0.0,9.0,20.4,06407,21.9
3713999,14.5,,5.4,20.4,06407,21.9
3714002,18.45,,19.8,31.5,06407,21.9
3714007,5.85,,5.4,11.1,06407,21.9
4314987,16.1,0.0,12.600000000000001,29.6,06450,3.3
4314989,10.5,0.0,12.600000000000001,24.1,06450,3.3
4314994,8.1,0.0,7.2,16.7,06450,3.3
3714247,14.399999999999999,,12.600000000000001,35.2,06450,3.3
3714252,9.399999999999999,,12.600000000000001,22.2,06450,3.3
3714255,4.6,,10.8,25.9,06450,3.3
4315277,17.3,0.0,9.0,20.4,12495,10.6
4315280,5.6,0.0,10.8,24.1,12495,10.6
4315270,0.95,0.0,12.600000000000001,24.1,12495,10.6
4947960,6.85,0.0,5.5,11.1,12495,11.2
4947961,5.550000000000001,0.0,9.3,16.7,12495,11.2
4947962,,,,,12495,11.2
5206271,,,,,10471,5.9
4621518,9.35,0.0,9.0,22.0,10471,5.9
4621517,5.65,0.0,2.5,8.0,10471,5.9
4621522,1.45,,7.4,16.7,10471,5.9
4621520,0.30000000000000004,0.0,4.5,11.0,10471,5.9
4314975,13.3,0.0,6.5,14.0,10471,5.9
4314977,10.8,0.9,6.0,15.0,10471,5.9
4314982,5.65,0.0,1.0,10.0,10471,5.9
4384184,3.25,0.0,7.5,14.0,10471,5.9
4010151,17.85,0.0,4.5,14.0,10471,5.9
4010152,18.05,0.0,13.5,32.0,10471,5.9
4010214,10.5,0.0,4.5,11.0,10471,5.9
4060600,7.0,0.0,4.5,13.0,10471,5.9
3714001,11.2,0.0,1.0,6.0,10471,5.9
3714005,8.05,0.0,4.0,13.0,10471,5.9
3714009,2.6,0.0,5.0,8.0,10471,5.9
3780882,5.6,0.1,19.0,48.0,10471,5.9
3846454,10.95,1.5,20.0,64.0,10471,5.9
3846462,9.75,0.0,2.5,15.0,10471,5.9
4947965,7.0,0.8,27.0,,EGKB0,12.6
4947963,13.0,0.0,10.0,,EGKB0,12.6
4947964,10.0,0.0,26.0,,EGKB0,12.6
5141724,,,,,EGKB0,12.6
5206217,,,,,EGKB0,12.6
5206260,,,,,EGKB0,12.6
5206269,,,,,EGKB0,12.6
4947237,16.3,0.0,16.5,47.0,06370,3.9
4947236,12.25,,18.5,29.6,06370,3.9
4947205,,,,,06370,3.9
4947106,,,,,06370,3.9
4621629,10.899999999999999,0.0,9.0,14.0,06370,3.9
4621633,5.65,0.0,9.0,14.0,06370,3.9
4621615,7.65,0.0,25.2,44.5,06370,3.9
4621554,6.45,0.4,10.8,16.7,06370,3.9
4723905,3.0,0.0,10.8,18.5,06370,3.9
4737552,2.0,0.0,3.6,11.0,06370,3.9
4315023,13.05,0.0,19.8,32.0,06370,3.9
4315027,10.0,5.0,23.4,40.8,06370,3.9
4315030,8.95,0.1,16.200000000000003,29.0,06370,3.9
4384181,8.6,0.0,21.6,33.3,06370,3.9
4010255,19.4,0.0,14.4,25.0,06370,3.9
4010261,12.95,0.0,10.8,22.0,06370,3.9
4010263,19.9,0.0,10.8,22.0,06370,3.9
4060630,8.2,0.0,3.6,18.5,06370,3.9
3714173,14.4,0.0,5.4,14.0,06370,3.9
3714177,6.35,0.0,12.600000000000001,18.0,06370,3.9
3714181,1.2999999999999998,0.0,9.0,13.0,06370,3.9
3780899,7.85,0.0,16.2,43.0,06370,3.9
3835634,10.3,0.0,10.8,25.0,06370,3.9
3846484,17.45,0.0,16.2,29.0,06370,3.9
4947110,11.0,0.0,4.5,9.3,03672,17.5
4947112,10.5,1.6,6.5,22.2,03672,17.5
4947109,3.5,0.0,11.0,16.7,03672,17.5
4947114,9.0,0.4,23.0,40.8,03672,17.5
5205730,,,,,03672,17.5
4622184,9.2,0.0,0.9,16.7,03672,17.5
4622186,10.0,0.0,14.8,20.4,03672,17.5
4622185,4.15,0.0,14.799999999999999,25.9,03672,17.5
4737740,3.3,0.0,8.8,18.5,03672,17.5
4737754,11.95,,10.2,22.2,03672,17.5
4737761,11.5,0.0,18.5,25.9,03672,17.5
4010206,16.950000000000003,0.0,14.8,18.5,03672,17.5
4010135,12.9,0.0,23.95,37.0,03672,17.5
4010210,13.7,1.0,24.1,48.2,03672,17.5
4060611,-0.55,0.0,2.7,14.8,03672,17.5
4140597,10.0,0.0,19.45,35.2,03672,17.5
3714082,17.8,,7.6,16.7,03672,17.5
3714086,13.1,,6.5,14.8,03672,17.5
3714091,2.45,,1.8,11.1,03672,17.5
3780917,6.65,,10.3,22.2,03672,17.5
3846341,9.9,,27.7,44.5,03672,17.5
4947137,,,,,10416,11.9
4947133,,,,,10416,11.9
4947135,,,,,10416,11.9
4947125,,,,,10416,11.9
5161871,,,,,10416,11.9
4621532,12.5,0.0,9.4,16.7,10416,11.9
4621534,5.0,0.0,11.0,11.1,10416,11.9
4621528,2.0,,2.7,16.7,10416,11.9
4621530,6.0,0.0,15.700000000000001,22.2,10416,11.9
4723899,4.5,0.0,12.1,27.8,10416,11.9
4737549,5.0,0.0,14.799999999999999,14.8,10416,11.9
4737573,15.3,0.0,9.3,18.5,10416,11.9
4315046,13.5,0.0,15.700000000000001,22.2,10416,11.9
4315051,9.0,0.0,22.3,31.5,10416,11.9
4315055,7.0,0.6,2.7,11.1,10416,11.9
4384189,11.0,0.0,17.65,18.5,10416,11.9
4446282,8.0,2.1,5.4,22.2,10416,11.9
4446287,21.15,0.0,12.05,25.9,10416,11.9
4010156,29.5,0.0,6.5,18.5,10416,11.9
4010161,9.0,0.0,7.4,9.3,10416,11.9
4010233,11.0,0.0,9.2,14.8,10416,11.9
4060610,7.0,0.0,17.5,18.5,10416,11.9
3714025,12.0,0.0,8.5,13.0,10416,11.9
3714029,6.5,0.30000000000000004,7.6,16.7,10416,11.9
3714032,4.0,0.0,23.200000000000003,48.2,10416,11.9
3780888,7.5,0.2,31.5,50.0,10416,11.9
4315069,12.149999999999999,0.2,6.5,16.0,03781,27.0
4315076,5.9,0.0,14.5,25.0,03781,27.0
4315079,5.800000000000001,0.0,6.0,12.0,03781,27.0
4430807,11.3,0.0,20.5,46.0,03781,27.0
4446406,9.55,0.0,24.0,44.0,03781,27.0
4010218,14.8,1.8,15.0,27.0,03781,27.0
4010224,11.55,0.0,3.0,5.0,03781,27.0
4010226,16.25,0.0,9.5,19.0,03781,27.0
4128783,10.899999999999999,0.0,15.0,29.0,03781,27.0
4140637,6.1,0.0,14.5,33.0,03781,27.0
4140722,9.8,0.0,2.5,8.0,03781,27.0
3714212,13.4,,29.0,55.0,03781,27.0
3714214,5.6,,8.5,18.5,03781,27.0
3714220,6.4,,20.0,33.3,03781,27.0
3835599,8.0,,8.0,18.5,03781,27.0
3846458,7.050000000000001,,25.0,54.0,03781,27.0
3846464,8.45,,9.5,18.5,03781,27.0
4621584,10.8,0.0,12.1,24.0,10410,18.1
4621614,6.35,0.0,5.4,15.0,10410,18.1
4621511,4.15,0.0,12.05,27.8,10410,18.1
4621616,5.3,0.0,20.0,39.0,10410,18.1
4446291,13.899999999999999,0.0,21.4,29.6,03672,9.5
4947175,13.0,0.0,7.5,16.7,03672,21.2
4947173,11.5,0.0,16.0,24.1,03672,21.2
4947104,8.0,0.30000000000000004,15.0,24.1,03672,21.2
4947177,1.5,0.0,5.0,11.1,03672,21.2
5205744,,,,,03672,21.2
5205814,,,,,03672,21.2
5205796,,,,,03672,21.2
4621576,13.399999999999999,0.2,19.45,33.3,03672,21.2
4621603,12.649999999999999,0.0,4.5,13.0,03672,21.2
4621606,6.4,0.0,16.6,18.5,03672,21.2
4621604,3.15,0.0,9.2,11.1,03672,21.2
4737560,3.7,0.0,10.649999999999999,18.5,03672,21.2
4737568,10.0,0.0,13.0,20.4,03672,21.2
4737575,15.5,0.0,9.5,25.9,03672,21.2
4315020,17.15,2.0,25.0,25.9,03672,21.2
4315026,6.6,0.0,5.4,14.8,03672,21.2
4315028,-0.19999999999999998,0.0,5.4,16.7,03672,21.2
4384185,12.5,0.0,16.8,31.5,03672,21.2
4446279,9.2,0.0,22.15,38.9,03672,21.2
4010259,14.0,0.0,13.0,27.8,03672,21.2
4010256,13.85,0.0,4.5,18.5,03672,21.2
4010264,7.0,0.0,6.5,11.1,03672,21.2
4128638,12.05,0.0,13.0,25.9,03672,21.2
4947209,13.5,0.0,9.5,25.9,03672,24.6
4947220,14.5,0.0,18.0,31.5,03672,24.6
4947218,12.0,0.0,22.5,38.9,03672,24.6
4947136,8.0,1.0,26.0,38.9,03672,24.6
5205742,,,,,03672,24.6
4622041,12.75,2.2,23.200000000000003,29.6,03672,24.6
4622040,14.149999999999999,0.0,12.100000000000001,22.2,03672,24.6
4622039,0.85,0.0,7.6,14.8,03672,24.6
4622042,2.25,0.0,4.15,13.0,03672,24.6
4737596,3.3,0.0,8.8,18.5,03672,24.6
4737717,11.0,0.0,2.0,13.0,03672,24.6
4737724,21.5,0.0,5.5,18.5,03672,24.6
4010182,17.6,0.0,7.4,22.2,03672,24.6
4010187,14.25,0.0,14.8,22.2,03672,24.6
4010190,14.5,0.0,10.3,25.9,03672,24.6
4060607,1.75,0.4,16.6,29.6,03672,24.6
3714320,14.5,,25.0,48.2,03672,24.6
3714325,4.55,,9.4,18.5,03672,24.6
3714328,7.300000000000001,,15.700000000000001,24.1,03672,24.6
4947780,14.1,0.0,11.0,29.0,06344,8.2
4947783,13.2,,18.5,33.3,06344,8.2
4947781,,,,,06344,8.2
4947782,,,,,06344,8.2
4621562,20.35,0.0,18.0,31.0,06344,8.2
4621624,10.6,0.0,3.6,7.0,06344,8.2
4621626,3.0,0.0,7.2,13.0,06344,8.2
4621513,4.1,2.0,7.2,14.8,06344,8.2
4723906,3.5999999999999996,0.30000000000000004,9.0,14.0,06344,8.2
4737553,9.35,0.0,9.0,22.0,06344,8.2
4315033,17.049999999999997,0.0,30.5,58.0,06344,8.2
4315037,10.45,0.6,16.2,29.0,06344,8.2
4315040,3.65,0.0,23.4,40.0,06344,8.2
4384251,14.95,0.0,16.2,26.0,06344,8.2
4010377,16.15,0.0,16.2,32.0,06344,8.2
4010380,12.8,0.0,1.8,14.0,06344,8.2
4010385,12.1,1.6,21.6,43.0,06344,8.2
4128641,11.8,0.0,16.2,43.0,06344,8.2
4140619,11.15,0.0,27.0,43.0,06344,8.2
3714284,13.7,0.0,25.2,43.0,06344,8.2
3714286,10.45,0.0,25.200000000000003,50.0,06344,8.2
3714292,4.3,0.0,16.2,31.5,06344,8.2
3835649,4.3,0.0,5.4,9.3,06344,8.2
3846479,10.05,1.0,41.400000000000006,72.0,06344,8.2
3846502,9.7,0.0,18.0,29.0,06344,8.2
3714321,12.5,0.0,16.2,22.0,06375,36.9
3714323,8.85,0.0,10.8,29.0,06375,36.9
3714329,5.05,0.0,12.600000000000001,25.9,06375,36.9
3780913,1.85,0.9,12.600000000000001,43.0,06375,36.9
3835642,12.25,0.0,12.600000000000001,25.9,06375,36.9
4947906,11.899999999999999,0.0,13.0,24.1,06260,3.2
4947905,,,,,06260,3.2
4947907,,,,,06260,3.2
4947908,,,,,06260,3.2
4947956,4.5,0.0,5.5,13.0,12375,7.8
4947954,,,,,12375,7.8
4947955,,,,,12375,7.8
4622207,11.05,0.0,7.2,14.8,12375,7.8
4622209,3.75,0.0,5.4,14.8,12375,7.8
4622208,1.3,,14.4,14.8,12375,7.8
4737755,5.0,0.0,16.5,37.0,12375,7.8
4737742,4.65,1.5,21.6,40.8,12375,7.8
4315332,23.35,0.0,12.600000000000001,27.8,12375,7.8
4315301,7.8,0.0,9.0,22.2,12375,7.8
4315289,1.7000000000000002,0.0,12.600000000000001,20.4,12375,7.8
4384293,8.350000000000001,0.0,10.8,25.9,12375,7.8
4010211,17.45,0.0,7.2,18.5,12375,7.8
4010154,8.1,0.0,5.4,14.8,12375,7.8
4010216,9.649999999999999,0.0,5.4,14.8,12375,7.8
4060619,3.9000000000000004,0.0,5.4,18.5,12375,7.8
4128633,-0.7,0.0,9.0,20.4,12375,7.8
3714223,11.6,,3.6,11.1,12375,7.8
3714231,12.7,,14.4,25.9,12375,7.8
3714229,-2.3,,19.8,37.0,12375,7.8
4622133,10.149999999999999,0.0,3.6,11.0,06290,5.0
4622132,12.35,0.0,7.2,11.0,06290,5.0
4622134,5.65,0.0,5.4,14.0,06290,5.0
4622135,1.3,0.0,10.8,14.8,06290,5.0
4723937,-3.5,0.0,3.6,14.8,06290,5.0
4947903,12.5,0.0,18.5,40.8,06275,29.1
4947901,14.3,,15.75,29.6,06275,29.1
4947904,,,,,06275,29.1
4947902,,,,,06275,29.1
4947129,16.65,1.2000000000000002,29.5,43.0,06240,11.8
4947232,,,,,06240,11.8
4947187,,,,,06240,11.8
4947229,,,,,06240,11.8
4622050,15.1,0.3,21.6,47.0,06240,11.8
4622048,4.0,0.0,14.4,22.0,06240,11.8
4622047,3.75,0.0,10.8,18.0,06240,11.8
4622049,3.7,0.0,18.0,29.0,06240,11.8
4723947,10.2,0.0,18.0,33.3,06240,11.8
4737587,8.1,0.0,9.0,18.5,06240,11.8
4315093,14.75,2.4,7.2,14.0,06240,11.8
4315099,7.6,0.6,16.2,42.6,06240,11.8
4315103,6.5,0.0,18.0,22.2,06240,11.8
4384284,12.850000000000001,0.0,19.8,29.0,06240,11.8
4430920,6.449999999999999,0.0,25.2,40.0,06240,11.8
4010118,21.15,0.0,9.0,25.0,06240,11.8
4010124,16.8,0.0,23.4,36.0,06240,11.8
4010129,15.75,0.0,18.0,29.0,06240,11.8
4060620,9.2,1.5,25.2,36.0,06240,11.8
3714024,16.35,0.0,16.2,29.0,06240,11.8
3714027,17.45,0.0,23.4,36.0,06240,11.8
3714033,4.35,1.0,34.2,51.8,06240,11.8
3780924,7.15,0.0,7.2,16.7,06240,11.8
4947966,7.0,0.0,4.0,18.5,12330,2.6
4947968,,,,,12330,2.6
4947967,,,,,12330,2.6
5141726,,,,,12330,2.6
5206216,,,,,12330,2.6
4010244,14.5,0.0,14.4,25.9,12330,2.6
4010246,14.649999999999999,0.0,10.8,29.6,12330,2.6
4010252,8.85,0.0,19.8,33.3,12330,2.6
4060639,6.55,0.2,7.2,16.7,12330,2.6
4128788,-0.2,0.1,12.600000000000001,24.1,12330,2.6
4140632,7.8,1.3,9.0,16.7,12330,2.6
3714073,10.5,0.0,19.6,,D5676,8.4
3714076,6.95,0.0,6.3,,D5676,8.4
3714081,1.7,0.0,9.899999999999999,,D5676,8.4
4010662,17.9,3.0,12.25,28.0,10385,9.3
4010668,11.0,0.0,5.4,11.0,10385,9.3
4010669,16.75,0.0,10.45,18.0,10385,9.3
4060628,7.7,0.2,15.3,39.0,10385,9.3
4128626,0.75,0.1,7.75,13.0,10385,9.3
4947807,11.5,0.0,9.0,22.2,03534,12.0
4947805,12.0,0.0,9.0,14.8,03534,12.0
4947806,13.0,0.0,17.0,37.0,03534,12.0
4947804,4.0,0.0,27.0,40.8,03534,12.0
5206105,,,,,03534,12.0
5206176,,,,,03534,12.0
5206172,,,,,03534,12.0
4621515,9.5,0.0,9.4,27.8,03534,12.0
4621659,12.0,0.0,7.4,13.0,03534,12.0
4621595,2.5,0.0,7.4,13.0,03534,12.0
4621651,4.5,0.0,13.9,22.2,03534,12.0
4737556,3.6,0.0,12.95,22.2,03534,12.0
4737571,10.0,3.5,13.9,27.8,03534,12.0
4315302,15.0,0.0,13.9,29.6,03534,12.0
4315305,6.5,0.0,14.8,25.9,03534,12.0
4315304,-0.5,0.0,8.5,22.2,03534,12.0
4430928,12.0,0.0,15.9,31.5,03534,12.0
4446450,14.5,0.6,10.3,14.8,03534,12.0
4446444,16.0,0.0,14.8,29.6,03534,12.0
4315010,19.25,2.7,14.5,65.0,10381,6.3
4315013,11.8,0.0,4.0,13.0,10381,6.3
4315019,3.35,1.9,11.0,20.4,10381,6.3
3714285,8.3,0.0,14.0,22.2,10381,6.3
3714288,7.4,0.0,34.0,65.0,10381,6.3
3714293,-1.0,0.0,4.0,11.1,10381,6.3
4947942,,,,,06249,16.5
4947944,,,,,06249,16.5
4947943,,,,,06249,16.5
5206220,,,,,06249,16.5
5141728,,,,,06249,16.5
5206263,,,,,06249,16.5
4622083,14.55,1.6,7.2,19.1,06249,16.5
4622081,4.85,0.0,18.0,28.1,06249,16.5
4622082,5.800000000000001,0.0,7.2,16.2,06249,16.5
4622080,5.449999999999999,1.5,28.799999999999997,49.7,06249,16.5
4723941,-0.5,0.0,7.2,8.6,06249,16.5
4737588,12.3,0.0,10.8,16.2,06249,16.5
4315288,15.45,0.0,12.05,23.0,06249,16.5
4315300,10.649999999999999,0.0,16.2,18.0,06249,16.5
4315303,-0.65,0.0,7.2,7.2,06249,16.5
4010321,14.75,0.0,23.4,42.8,06249,16.5
4010324,10.75,0.0,12.600000000000001,21.6,06249,16.5
4010330,12.45,1.2,21.6,47.9,06249,16.5
4128787,9.05,0.0,19.8,31.7,06249,16.5
4140638,11.45,0.0,27.0,39.6,06249,16.5
4140724,10.7,0.0,18.0,22.7,06249,16.5
3714296,13.35,0.0,25.200000000000003,38.2,06249,16.5
3714301,6.85,0.1,10.8,24.1,06249,16.5
3714305,5.3,0.0,16.2,25.2,06249,16.5
3835647,7.300000000000001,0.0,12.600000000000001,23.8,06249,16.5
3714221,16.5,0.0,9.1,,EGNX0,27.1
3714232,2.0,0.0,11.1,,EGNX0,27.1
3714228,2.5,0.0,15.700000000000001,,EGNX0,27.1
3780902,5.5,0.0,18.7,,EGNX0,27.1
3835638,12.0,0.0,20.35,,EGNX0,27.1
3846483,3.0,0.0,14.9,,EGNX0,27.1
3846500,8.0,0.0,13.0,,EGNX0,27.1
4622248,14.5,0.0,13.9,28.0,03414,13.5
4622247,4.05,0.0,13.9,22.0,03414,13.5
4622249,6.4,0.0,5.4,12.0,03414,13.5
4947866,15.0,0.4,28.0,,EGNX0,18.1
4947864,7.0,0.0,33.5,,EGNX0,18.1
4947867,12.0,0.0,30.5,,EGNX0,18.1
4947865,,,,,EGNX0,18.1
5161894,,,,,EGNX0,18.1
5206096,,,,,EGNX0,18.1
5206171,,,,,EGNX0,18.1
5206174,,,,,EGNX0,18.1
4948007,7.25,0.0,3.7,9.3,12295,1.6
4948006,,,,,12295,1.6
4948005,,,,,12295,1.6
5141722,,,,,12295,1.6
4622276,6.9,0.0,5.4,9.3,12295,1.6
4622274,3.3,0.0,5.4,11.1,12295,1.6
4622275,6.85,0.0,9.0,22.2,12295,1.6
4695839,-8.05,0.0,3.7,9.3,12295,1.6
4737733,3.0,0.0,3.6,13.0,12295,1.6
4737751,23.7,,10.2,22.2,12295,1.6
4948071,15.8,0.9,22.0,46.3,03969,18.8
4947973,6.1,0.0,18.0,38.9,03969,18.8
4948070,12.85,0.0,9.0,22.2,03969,18.8
4947972,9.65,0.0,25.0,51.8,03969,18.8
4948069,6.1,2.2,5.5,24.1,03969,18.8
4947974,5.0,0.0,16.0,37.0,03969,18.8
4622244,11.75,0.0,12.600000000000001,31.5,03969,18.8
4622245,13.15,0.0,27.0,33.3,03969,18.8
4622246,4.25,,7.2,22.2,03969,18.8
4695843,10.9,0.0,22.0,38.9,03969,18.8
4010387,15.05,0.0,10.8,24.1,03969,18.8
4010393,12.350000000000001,0.0,12.600000000000001,27.8,03969,18.8
4010395,14.850000000000001,0.0,23.4,40.8,03969,18.8
4446413,12.7,0.0,34.2,48.2,03969,10.5
4947139,17.4,0.0,32.0,60.0,03321,29.3
4947117,13.25,0.4,17.0,26.0,03321,29.3
4947141,7.75,0.0,10.5,21.0,03321,29.3
4947143,2.3,0.0,10.0,13.0,03321,29.3
5205738,,,,,03321,29.3
5205790,,,,,03321,29.3
4621555,10.5,0.0,7.4,21.0,03321,29.3
4621551,11.149999999999999,0.0,12.1,23.0,03321,29.3
4621543,0.6,0.0,1.8,9.0,03321,29.3
4621553,5.15,1.0,9.4,13.0,03321,29.3
4737562,3.8,0.0,7.6,18.0,03321,29.3
4315083,17.15,0.0,27.0,51.0,03321,29.3
4315086,9.4,0.2,8.5,12.0,03321,29.3
4315090,-1.3,0.0,2.7,12.0,03321,29.3
4430797,12.6,0.0,20.35,39.0,03321,29.3
4446403,15.15,0.0,20.35,35.0,03321,29.3
4010120,13.55,0.0,5.4,14.0,03321,29.3
4010125,15.95,0.2,18.4,30.0,03321,29.3
4010130,7.85,1.2,11.2,18.0,03321,29.3
4060604,7.85,0.0,12.1,23.0,03321,29.3
3714011,15.45,,5.6,11.1,03321,29.3
3714017,8.25,,12.1,20.4,03321,29.3
3714019,6.85,,8.5,20.4,03321,29.3
3780928,9.25,0.0,21.05,40.0,03321,29.3
3846348,10.95,0.0,1.8,11.0,03321,29.3
3846449,9.4,0.0,12.1,22.0,03321,29.3
4622038,11.0,1.1,8.5,31.5,03334,12.2
4622036,11.0,0.0,9.399999999999999,18.5,03334,12.2
4622037,6.0,0.0,13.0,29.6,03334,12.2
4622035,4.5,0.0,13.1,25.9,03334,12.2
4737597,4.5,0.0,6.5,16.7,03334,12.2
4737723,11.1,,10.2,20.4,03334,12.2
4737727,10.0,0.0,6.0,24.1,03334,12.2
4314998,12.0,0.0,10.3,20.4,03334,12.2
4315000,7.0,0.0,4.5,7.4,03334,12.2
4315006,8.0,0.0,14.8,14.8,03334,12.2
4010305,15.5,0.0,6.5,16.7,03334,12.2
4010311,10.5,0.0,6.5,16.7,03334,12.2
4010313,16.0,0.0,7.6,25.9,03334,12.2
4060624,3.0,0.0,4.5,13.0,03334,12.2
4128631,2.0,0.3,27.7,68.5,03334,12.2
4140613,7.0,0.0,14.799999999999999,27.8,03334,12.2
3714061,8.5,,8.5,22.2,03334,12.2
3714063,7.0,,5.4,13.0,03334,12.2
3714068,6.0,,20.35,40.8,03334,12.2
3780926,11.0,,6.5,24.1,03334,12.2
4947162,18.0,0.0,15.0,33.3,03334,15.5
4947132,14.0,0.0,6.5,29.6,03334,15.5
4947160,-1.5,0.0,6.0,11.1,03334,15.5
4947164,4.0,0.0,6.0,18.5,03334,15.5
5205732,,,,,03334,15.5
4621492,15.5,0.0,12.100000000000001,22.2,03334,15.5
4621498,12.0,0.0,5.4,29.6,03334,15.5
4621496,3.0,0.0,5.7,13.0,03334,15.5
4621494,4.0,0.0,5.6,14.8,03334,15.5
4723900,4.0,0.0,10.1,18.5,03334,15.5
4314973,17.0,0.0,23.0,42.6,03334,15.5
4314979,6.0,0.0,8.5,18.5,03334,15.5
4314981,2.5,0.1,4.5,9.3,03334,15.5
4384191,5.5,0.0,7.4,16.7,03334,15.5
4446284,8.5,0.1,16.6,29.6,03334,15.5
4010230,15.0,0.0,8.5,18.5,03334,15.5
4010158,8.5,0.0,15.850000000000001,35.2,03334,15.5
4010234,11.5,0.0,16.6,53.7,03334,15.5
4060601,2.0,0.0,8.5,16.7,03334,15.5
4140600,8.0,0.6,22.15,51.8,03334,15.5
4140607,14.5,0.0,6.5,18.5,03334,15.5
3713998,15.5,,3.6,14.8,03334,15.5
3714004,7.0,,9.399999999999999,18.5,03334,15.5
3714006,6.0,,7.6,16.7,03334,15.5
3780923,10.0,,11.2,42.6,03334,15.5
3846343,10.0,,19.450000000000003,35.2,03334,15.5
3846447,10.0,,13.9,24.1,03334,15.5
4622104,12.5,0.0,5.4,15.5,10149,7.7
4622105,6.0,0.0,6.5,18.7,10149,7.7
4622106,5.5,0.0,14.8,34.6,10149,7.7
4622107,4.5,0.0,11.2,20.2,10149,7.7
4314985,18.0,0.0,25.0,59.0,10149,7.7
4314990,9.0,0.2,13.0,34.2,10149,7.7
4314993,-2.5,0.0,4.5,10.1,10149,7.7
4384265,12.0,0.0,11.2,21.2,10149,7.7
4622287,14.0,0.0,23.200000000000003,44.0,03917,18.3
4622288,13.2,0.0,19.45,31.0,03917,18.3
4622286,3.35,0.0,14.8,21.0,03917,18.3
4010676,14.649999999999999,0.0,10.8,22.2,26730,12.9
4010681,6.95,0.0,7.2,11.1,26730,12.9
4010684,7.55,0.0,3.6,13.0,26730,12.9
4947153,19.0,0.1,19.5,,03243,7.8
4947189,,,,,03243,7.8
4947245,,,,,03243,7.8
4947238,,,,,03243,7.8
5161866,,,,,03243,7.8
5205733,,,,,03243,7.8
4315047,13.5,0.7,16.75,,03243,7.8
4315048,10.0,0.0,9.4,,03243,7.8
4315054,0.5,0.0,6.5,,03243,7.8
4947899,7.3,0.0,0.0,5.5,02635,1.7
4947897,13.05,2.1,19.45,37.0,02635,1.7
4947900,8.85,0.0,7.65,14.8,02635,1.7
4947898,0.0,0.0,16.25,40.0,02635,1.7
4622096,15.45,0.1,11.1,31.5,02635,1.7
4622097,8.850000000000001,0.0,7.4,16.7,02635,1.7
4622098,1.25,0.0,4.75,11.1,02635,1.7
4622099,4.4,0.0,13.0,31.5,02635,1.7
4010661,16.3,0.0,25.0,50.0,02635,1.7
4010665,14.5,0.0,17.6,42.6,02635,1.7
4010670,12.8,0.0,5.5,13.0,02635,1.7
3714083,12.95,,3.7,9.3,02635,1.7
3714088,8.15,0.0,2.9,9.3,02635,1.7
3714090,7.85,0.0,12.9,29.6,02635,1.7
3714162,16.85,,11.2,16.7,06180,14.9
3714168,8.55,,35.3,48.2,06180,14.9
3714170,5.6,,24.1,38.9,06180,14.9
4947172,18.1,0.0,17.6,38.9,02635,30.9
4947138,12.3,0.0,12.05,25.9,02635,30.9
4947252,1.5499999999999998,0.0,1.9,5.5,02635,30.9
4947240,-3.0999999999999996,0.0,1.85,7.4,02635,30.9
4622189,7.9,0.0,1.8,11.1,02635,30.9
4622187,8.05,0.0,0.9,6.0,02635,30.9
4622188,1.25,0.0,4.75,11.1,02635,30.9
4695834,-1.0,0.0,7.15,20.4,02635,30.9
4737739,7.949999999999999,0.0,5.7,20.4,02635,30.9
4314999,13.75,0.0,18.5,42.6,02635,30.9
4315002,8.350000000000001,0.0,6.7,21.0,02635,30.9
4315007,-0.25,0.0,9.15,19.0,02635,30.9
4384183,4.1,0.0,6.7,16.7,02635,30.9
4010231,14.95,0.0,13.9,31.5,02635,30.9
4010160,11.8,0.0,10.2,27.8,02635,30.9
4010235,9.95,0.0,10.9,31.5,02635,30.9
3714411,12.05,,13.0,33.3,02635,30.9
3714412,9.3,,24.1,51.8,02635,30.9
3714418,0.95,0.0,10.15,18.0,02635,30.9
3835635,5.9,,8.15,24.1,02635,30.9
3714198,8.0,0.0,7.2,,UUEE0,28.2
3714202,12.5,0.0,23.4,,UUEE0,28.2
3714206,2.0,0.0,21.6,,UUEE0,28.2
4315329,10.55,0.0,6.2,24.1,06180,29.4
4315327,9.7,0.1,23.200000000000003,31.5,06180,29.4
4315291,-1.55,0.0,18.55,31.5,06180,29.4
3714222,11.0,0.0,23.4,,UUEE0,16.5
3714225,2.5,0.1,28.799999999999997,,UUEE0,16.5
3714227,-1.5,0.6,30.6,,UUEE0,16.5
4947791,10.0,0.0,6.5,14.8,03140,7.9
4947788,,,,,03140,7.9
4947789,,,,,03140,7.9
4947790,,,,,03140,7.9
4622015,11.5,0.0,7.4,16.7,03140,7.9
4622017,12.5,0.0,9.2,22.2,03140,7.9
4622014,2.0,,1.8,22.2,03140,7.9
4622016,4.0,0.0,6.5,18.5,03140,7.9
4737599,1.5,0.0,2.7,14.8,03140,7.9
4737718,11.0,0.0,18.0,25.9,03140,7.9
4315130,10.5,0.0,15.700000000000001,31.5,03140,7.9
4315136,5.5,0.0,2.7,13.0,03140,7.9
4315138,-2.0,0.0,7.3999999999999995,11.1,03140,7.9
4430804,7.0,1.9000000000000001,13.9,18.5,03140,7.9
4010121,12.5,0.0,11.2,31.5,03140,7.9
4010127,7.0,0.0,4.5,16.7,03140,7.9
4010131,9.0,0.3,9.399999999999999,18.5,03140,7.9
3714161,14.5,,7.4,18.5,03140,7.9
3714166,7.0,,25.0,40.8,03140,7.9
3714169,7.0,,25.0,29.6,03140,7.9
3780889,3.5,,23.200000000000003,42.6,03140,7.9
3835592,7.0,,12.100000000000001,24.1,03140,7.9
3846461,12.0,,11.2,16.7,03140,7.9
3846463,12.0,,13.0,25.9,03140,7.9
4947837,15.5,0.0,18.0,38.9,03140,14.1
4947838,7.35,,14.8,22.2,03140,14.1
4947836,,,,,03140,14.1
4947839,,,,,03140,14.1
5161882,,,,,03140,14.1
4621650,15.5,0.0,10.3,14.8,03140,14.1
4621521,10.0,0.0,4.5,14.8,03140,14.1
4621611,-3.0,0.0,5.6,9.3,03140,14.1
4621647,3.0,0.0,3.6,11.1,03140,14.1
4723902,4.0,0.0,14.8,20.4,03140,14.1
4315035,11.0,0.0,12.1,25.9,03140,14.1
4315036,8.5,0.0,11.0,22.2,03140,14.1
4315043,3.5,0.0,4.5,18.5,03140,14.1
4010150,13.5,0.0,12.1,18.5,03140,14.1
4010155,12.0,0.0,19.450000000000003,20.4,03140,14.1
4010213,13.0,0.0,14.8,22.2,03140,14.1
3714187,13.0,,22.15,22.2,03140,14.1
3714189,15.5,,12.950000000000001,24.1,03140,14.1
3714195,6.0,,17.5,27.8,03140,14.1
3780903,3.5,,14.799999999999999,24.1,03140,14.1
4622251,14.0,0.0,11.2,22.2,03160,7.6
4622250,12.0,0.0,10.3,13.0,03160,7.6
4622252,1.0,0.0,15.700000000000001,24.1,03160,7.6
4010193,16.5,1.9,22.3,29.6,03160,7.6
4010197,14.0,1.4,35.3,59.3,03160,7.6
4010202,15.0,0.0,6.5,16.7,03160,7.6
4947854,12.5,0.0,7.5,17.3,06066,39.6
4947853,,,,,06066,39.6
4947855,,,,,06066,39.6
4947852,,,,,06066,39.6
5206104,,,,,06066,39.6
4622111,12.5,0.0,8.3,24.5,06066,39.6
4622110,10.5,0.0,13.9,31.3,06066,39.6
4622108,4.5,0.0,8.3,7.9,06066,39.6
4622109,4.0,0.0,11.2,34.2,06066,39.6
4723942,-1.5,0.0,17.65,24.8,06066,39.6
4010376,14.6,0.0,36.349999999999994,61.6,06066,39.6
4010378,14.35,0.0,34.4,59.4,06066,39.6
4010384,11.149999999999999,0.0,25.0,40.7,06066,39.6
4060626,4.449999999999999,0.0,26.1,46.4,06066,39.6
3714233,14.100000000000001,0.0,18.9,32.8,06066,39.6
3714238,8.2,0.2,44.3,84.2,06066,39.6
3714241,6.35,0.0,24.65,48.6,06066,39.6
3780901,5.25,0.2,36.9,78.5,06066,39.6
4010220,10.45,0.0,26.799999999999997,44.5,06060,31.6
4010222,13.45,0.0,29.7,44.5,06060,31.6
4010228,10.350000000000001,0.0,20.35,29.6,06060,31.6
4622159,4.0,0.0,10.15,22.2,26422,4.7
4622160,10.75,0.3,9.3,25.9,26422,6.9
4622161,8.15,0.0,12.15,31.5,26422,6.9
4622158,2.6500000000000004,0.0,20.25,35.0,26422,6.9
4010195,12.25,0.0,13.9,25.9,26422,4.3
4010198,12.5,0.0,16.7,27.8,26422,4.3
4010203,9.95,0.0,3.85,13.0,26422,4.3
4948026,14.2,0.0,30.5,50.0,03091,8.8
4948028,,,,,03091,8.8
4948027,,,,,03091,8.8
4315352,14.0,0.0,29.7,53.0,03091,8.8
4315353,10.9,0.2,25.9,43.0,03091,8.8
4315354,6.35,0.0,12.100000000000001,24.0,03091,8.8
4948054,11.35,0.0,14.8,33.3,02513,1.6
4948055,10.05,0.0,2.85,11.1,02513,1.6
4948056,9.8,0.0,16.25,41.0,02513,1.6
4315156,10.5,0.0,1.8,7.4,02513,1.3
4315160,6.9,0.0,0.9,7.4,02513,1.3
4315162,-2.2,0.0,6.7,18.5,02513,1.3
4622137,7.5,0.0,9.399999999999999,5.4,02526,38.1
4622138,5.0,0.0,1.8,5.0,02526,38.1
4622139,-3.0,,8.5,,02526,38.1
4622140,1.0,0.0,24.05,41.8,02526,38.1
4622204,12.5,0.0,11.2,22.2,02464,9.9
4622205,2.5,0.0,3.6,9.3,02464,9.9
4622203,3.0,0.0,10.3,18.5,02464,9.9
4737744,-1.0,0.0,10.3,20.4,02464,9.9
4737756,7.0,0.0,14.0,27.8,02464,9.9
4737762,8.5,0.0,7.5,24.1,02464,9.9
4010388,12.05,0.0,10.8,22.2,02464,9.9
4010392,11.5,0.0,11.2,18.5,02464,9.9
4010396,8.6,0.0,9.0,20.4,02464,9.9
4128789,0.0,0.0,4.7,13.0,02464,9.9
3714306,9.05,0.0,10.8,34.2,EETN0,5.9
3714313,6.45,0.0,7.2,27.4,EETN0,5.9
3714315,5.5,0.6000000000000001,12.600000000000001,38.9,EETN0,5.9
3714084,8.5,,10.8,11.1,26063,4.5
3714087,8.5,,16.2,37.0,26063,4.5
3714093,-12.6,,5.4,9.3,26063,4.5
3780886,1.6,,14.4,31.5,26063,4.5
4622222,9.899999999999999,0.0,10.25,23.4,02978,1.8
4622221,4.4,0.0,9.9,30.6,02978,1.8
4622220,-4.449999999999999,0.0,21.6,,02978,1.8
4695833,-5.35,0.0,12.95,33.5,02978,1.8
4315355,18.1,0.0,13.149999999999999,32.0,02978,1.8
4315345,4.25,0.0,7.2,14.8,02978,1.8
4315347,-3.25,0.0,16.2,44.6,02978,1.8
4010532,11.4,0.0,7.2,21.6,02978,1.8
4010536,12.8,0.0,16.2,45.4,02978,1.8
4010540,10.850000000000001,0.0,10.8,29.2,02978,1.8
3714271,8.4,0.0,12.600000000000001,22.7,02978,1.8
3714275,10.350000000000001,0.2,12.600000000000001,28.8,02978,1.8
3714278,4.3,0.0,9.0,19.4,02978,1.8
4947916,8.4,2.0,14.2,32.0,01327,33.3
4947913,7.75,0.0,17.1,36.7,01327,33.3
4947914,6.35,0.0,1.6,6.5,01327,33.3
4947915,-1.65,0.0,31.85,62.6,01327,33.3
5161883,-5.949999999999999,0.0,5.55,12.2,01327,33.3
4948021,9.6,0.0,14.600000000000001,23.4,02943,2.8
4948020,7.7,0.0,9.35,13.3,02943,2.8
4948022,0.65,0.0,14.95,21.2,02943,2.8
5141718,-13.4,0.0,10.4,15.1,02943,2.8
4315265,9.0,0.0,13.9,,06010,26.7
4315294,9.0,0.0,37.099999999999994,,06010,26.7
4315264,2.5,0.0,25.95,,06010,26.7
4622216,10.5,0.0,17.65,20.9,01217,6.3
4622214,-2.0,0.0,12.1,11.9,01217,6.3
4695835,-0.5,0.0,12.1,15.1,01217,6.3
4622215,5.0,0.5,26.799999999999997,56.9,01217,6.3
4737741,6.5,0.6,5.6,11.5,01217,6.3
4315155,8.0,0.0,6.5,9.4,01217,6.3
4315157,3.5,0.0,13.0,13.3,01217,6.3
4315161,-3.05,0.0,11.9,10.1,01217,6.3
4384285,-1.0,0.0,14.0,16.6,01217,6.3
4430921,3.5,0.0,1.8,14.0,01217,6.3
4010386,14.5,0.0,11.2,11.2,01217,6.3
4010390,9.0,1.4,38.0,61.2,01217,6.3
4010394,12.5,0.0,8.5,17.6,01217,6.3
4622290,2.8,0.0,26.1,,04030,3.7
4622291,6.45,0.0,34.2,,04030,3.7
4622289,5.0,,34.4,,04030,3.7
4315278,1.5,0.0,13.0,,04030,3.7
4948037,4.0,,9.3,,04030,1.2
4948038,,,,,04030,1.2
4948036,,,,,04030,1.2
4315276,7.0,0.1,15.700000000000001,,04030,1.2
4315279,0.15000000000000002,0.0,4.7,,04030,1.2
4947219,11.15,0.0,9.35,15.5,01144,25.0
4947223,9.850000000000001,2.1,41.6,72.7,01144,25.0
4947201,,,,,01144,25.0
4947163,,,,,01144,25.0
5161861,,,,,01144,25.0
5205735,,,,,01144,25.0
4622116,9.55,0.0,34.2,43.2,01144,25.0
4622118,10.0,1.1,52.2,84.2,01144,25.0
4622119,0.8999999999999999,,19.8,,01144,25.0
4622117,0.45,0.0,19.8,26.6,01144,25.0
4723945,3.6,0.0,28.8,33.5,01144,25.0
4737586,4.1,0.0,34.2,45.4,01144,25.0
4737716,1.0,0.0,35.849999999999994,62.6,01144,25.0
4737726,6.8,0.1,14.75,33.8,01144,25.0
4315307,6.300000000000001,0.0,33.65,56.5,01144,25.0
4315284,4.85,0.0,18.0,29.5,01144,25.0
4315269,-1.1,0.0,10.8,27.0,01144,25.0
4384292,3.8,0.0,30.6,42.1,01144,25.0
4010257,10.35,0.0,8.3,15.1,01144,25.0
4010260,8.7,0.0,22.7,38.5,01144,25.0
4010265,8.85,0.0,15.3,29.9,01144,25.0
4060638,4.85,0.0,13.15,42.1,01144,25.0
3714259,10.6,0.0,22.15,35.6,01144,25.0
3714262,3.5,0.0,38.35,64.1,01144,25.0
3714267,-3.2,0.0,18.0,20.2,01144,25.0
3780911,4.050000000000001,0.2,50.25,81.7,01144,25.0
3835646,5.25,0.0,30.75,51.5,01144,25.0
3846477,1.45,0.0,23.4,38.9,01144,25.0
